Change Type,Bus Stop Code,Bus Stop Name,Street/Road,Latitude,Longitude,Date Processed,Source,Reason,Previous Name
NEW,32121,Aft Old Choa Chu Kang Rd,Lim Chu Kang Rd,1.37292105,103.6851701,21/07/2025,LTA,New bus stop code,
NEW,32129,Bef Old Choa Chu Kang Rd,Lim Chu Kang Rd,1.373591307,103.6854902,21/07/2025,LTA,New bus stop code,
NEW,32131,Bef Chinese & Muslim Cemy,Lim Chu Kang Rd,1.381767314,103.6841405,21/07/2025,LTA,New bus stop code,
NEW,32139,Aft Chinese & Muslim Cemy,Lim Chu Kang Rd,1.380833595,103.6845929,21/07/2025,LTA,New bus stop code,
NEW,32141,B27 Lim Chu Kang Rd,Lim Chu Kang Rd,1.395173887,103.69183,21/07/2025,LTA,New bus stop code,
NEW,32149,B26 Lim Chu Kang Rd,Lim Chu Kang Rd,1.395007965,103.6921278,21/07/2025,LTA,New bus stop code,
NEW,32151,Opp Lim Chu Kang Substation No. 1,Lim Chu Kang Rd,1.414093161,103.696621,21/07/2025,LTA,New bus stop code,
NEW,32159,Bef Lim Chu Kang Substation No. 1,Lim Chu Kang Rd,1.414025693,103.6973396,21/07/2025,LTA,New bus stop code,
NEW,65211,Bef Punggol Int,Punggol Pl,1.402691,103.902709,21/07/2025,LTA,New bus stop code,
NEW,65219,Opp Punggol Int,Punggol Pl,1.403538,103.903422,21/07/2025,LTA,New bus stop code,
NEW,65731,Teck Lee Stn Exit B,Sentul Wk,1.413252,103.906819,21/07/2025,LTA,New bus stop code,
NEW,65739,Teck Lee Stn Exit A,Sentul Wk,1.413142,103.906954,21/07/2025,LTA,New bus stop code,
NEW,69009,Punggol Coast Int,Sentul Wk,1.414795,103.908557,21/07/2025,LTA,New bus stop code,
NEW,69099,Blk 227,Sang Nila Utama,1.339846,103.8765295,21/07/2025,LTA,New bus stop code,
NEW,82251,Tg Katong Pr Sch,Haig Rd,1.305103,103.899669,21/07/2025,LTA,New bus stop code,
NEW,82259,Opp Tg Katong Pr Sch,Haig Rd,1.303918,103.900094,21/07/2025,LTA,New bus stop code,
NAME CHANGED,4019,Opp Bencoolen Stn Exit B,Bencoolen St,1.29807216909408,103.84975607305785,21/07/2025,LTA,Bus stop name changed,OPP BENCOOLEN STN EXIT B
NAME CHANGED,4029,Bef Bencoolen Stn Exit A,Bencoolen St,1.29948166696821,103.8509266670124,21/07/2025,LTA,Bus stop name changed,BEF BENCOOLEN STN EXIT A
NAME CHANGED,4151,Cath of The Good Shepherd,Victoria St,1.29533777799211,103.8511397219812,21/07/2025,LTA,Bus stop name changed,Cath Of The Good Shepherd
NAME CHANGED,4159,Aft CHIJMES,Victoria St,1.29489484954945,103.85108138663934,21/07/2025,LTA,Bus stop name changed,Aft Chijmes
NAME CHANGED,4331,Bef Fort Canning Stn,River Valley Rd,1.29183939431601,103.84504089382705,21/07/2025,LTA,Bus stop name changed,BEF FORT CANNING STN
NAME CHANGED,4339,Fort Canning Stn Exit B,River Valley Rd,1.29221099996741,103.8450050000296,21/07/2025,LTA,Bus stop name changed,FORT CANNING STN EXIT B
NAME CHANGED,5012,Bef Pearl's Hill Terr,Eu Tong Sen St,1.28154583300728,103.840877221995,21/07/2025,LTA,Bus stop name changed,Bef Pearl'S Hill Terr
NAME CHANGED,5239,Bef The Pinnacle @Duxton,Neil Rd,1.27854113014976,103.8415105424013,21/07/2025,LTA,Bus stop name changed,Bef The Pinnacle@Duxton
NAME CHANGED,6049,Bef Outram Flyover,Outram Rd,1.28474856880259,103.83517705055232,21/07/2025,LTA,Bus stop name changed,BEF OUTRAM FLYOVER
NAME CHANGED,7241,Bef S'goon Rd,Lavender St,1.31557142083242,103.85900616698896,21/07/2025,LTA,Bus stop name changed,Bef S'Goon Rd
NAME CHANGED,7351,Arc 380,Lavender St,1.31351833300073,103.86054527803076,21/07/2025,LTA,Bus stop name changed,ARC 380
NAME CHANGED,7359,Opp Arc 380,Lavender St,1.31368253065979,103.8607145180712,21/07/2025,LTA,Bus stop name changed,OPP ARC 380
NAME CHANGED,7517,ibis S'pore on Bencoolen,Bencoolen St,1.30145216158073,103.85247781934106,21/07/2025,LTA,Bus stop name changed,IBIS S'PORE ON BENCOOLEN
NAME CHANGED,7518,Opp NAFA Campus 3,Bencoolen St,1.30095828368506,103.85211175034802,21/07/2025,LTA,Bus stop name changed,OPP NAFA CAMPUS 3
NAME CHANGED,7529,Jln Besar Stn Exit A,Jln Besar,1.30431906266143,103.85501564257024,21/07/2025,LTA,Bus stop name changed,JLN BESAR STN EXIT A
NAME CHANGED,7571,Sunshine Plaza,Middle Rd,1.30063444632288,103.851140093146,21/07/2025,LTA,Bus stop name changed,SUNSHINE PLAZA
NAME CHANGED,8079,Sch of The Arts,Prinsep St,1.29921444445586,103.84910329217983,21/07/2025,LTA,Bus stop name changed,Sch of the Arts
NAME CHANGED,10011,Bef Neil Rd,New Bridge Rd,1.2777380589964,103.83749709165195,21/07/2025,LTA,Bus stop name changed,BEF NEIL RD
NAME CHANGED,10041,Bef Kampong Bahru Ter,Kg Bahru Rd,1.27605834770353,103.83519065305671,21/07/2025,LTA,Bus stop name changed,BEF KAMPONG BAHRU TER
NAME CHANGED,10049,Opp Kampong Bahru Ter,Kg Bahru Rd,1.27623302424393,103.83483786772156,21/07/2025,LTA,Bus stop name changed,OPP KAMPONG BAHRU TER
NAME CHANGED,10101,Opp Bt Merah Sec Sch,Jln Bt Merah,1.28506195168861,103.8137833011436,21/07/2025,LTA,Bus stop name changed,OPP BT MERAH SEC SCH
NAME CHANGED,10109,Bt Merah Sec Sch,Jln Bt Merah,1.28535315729277,103.81370529674273,21/07/2025,LTA,Bus stop name changed,BT MERAH SEC SCH
NAME CHANGED,10181,Bef Ar-Rabitah Mque,Tiong Bahru Rd,1.28850399420484,103.82109741719866,21/07/2025,LTA,Bus stop name changed,BEF AR-RABITAH MQUE
NAME CHANGED,10287,Opp Cycle & Carriage,Alexandra Rd,1.291914,103.813405,21/07/2025,LTA,Bus stop name changed,Opposite Cycle & Carriage
NAME CHANGED,10431,Enabling Village,Lengkok Bahru,1.287195,103.813984,21/07/2025,LTA,Bus stop name changed,ENABLING VILLAGE
NAME CHANGED,10439,Opp Enabling Village,Lengkok Bahru,1.28747956947939,103.81418936580334,21/07/2025,LTA,Bus stop name changed,OPP ENABLING VILLAGE
NAME CHANGED,10499,Kampong Bahru Ter,Spooner Rd,1.27585400417691,103.83401000002084,21/07/2025,LTA,Bus stop name changed,KAMPONG BAHRU TER
NAME CHANGED,11001,Opp Ghim Moh Ter,Ghim Moh Rd,1.311072,103.789159,21/07/2025,LTA,Bus stop name changed,Opposite Ghim Moh Terminal
NAME CHANGED,11159,Aft Ch of Our Saviour,C'wealth Ave,1.29800440816386,103.8036265685558,21/07/2025,LTA,Bus stop name changed,Aft Ch Of Our Saviour
NAME CHANGED,11161,C'wealth Stn Exit A/D,C'wealth Ave,1.30213305598263,103.7983908330214,21/07/2025,LTA,Bus stop name changed,C'Wealth Stn Exit A/D
NAME CHANGED,11169,C'wealth Stn Exit B/C,C'wealth Ave,1.30270500001823,103.79838166697326,21/07/2025,LTA,Bus stop name changed,C'Wealth Stn Exit B/C
NAME CHANGED,11401,Holland V Stn/Blk 12,Holland Ave,1.30906722197973,103.79507444402137,21/07/2025,LTA,Bus stop name changed,Holland V Stn/Blk12
NAME CHANGED,12201,LogisHub @ Clementi,Clementi Ave 6,1.32670826856501,103.76399509585458,21/07/2025,LTA,Bus stop name changed,Logishub @ Clementi
NAME CHANGED,12209,Opp LogisHub @ Clementi,Clementi Ave 6,1.32653202760922,103.76429968220567,21/07/2025,LTA,Bus stop name changed,Opp Logishub @ Clementi
NAME CHANGED,13021,Aft Min of Foreign Affairs,Holland Rd,1.30633972996805,103.81430670816292,21/07/2025,LTA,Bus stop name changed,Aft Min Of Foreign Affairs
NAME CHANGED,13062,Stellar RV,River Valley Rd,1.29476674399435,103.82853268161284,21/07/2025,LTA,Bus stop name changed,STELLAR RV
NAME CHANGED,13063,RV Suites,River Valley Rd,1.29534692836828,103.8296430911066,21/07/2025,LTA,Bus stop name changed,RV SUITES
NAME CHANGED,13069,RV Residences,River Valley Rd,1.29488000002792,103.82880805602646,21/07/2025,LTA,Bus stop name changed,RV RESIDENCES
NAME CHANGED,13091,Aft Kim Yam Rd,River Valley Rd,1.29593138900491,103.83937805601916,21/07/2025,LTA,Bus stop name changed,AFT KIM YAM RD
NAME CHANGED,13099,Bef Kim Yam Rd,River Valley Rd,1.29578024244395,103.839612720812,21/07/2025,LTA,Bus stop name changed,BEF KIM YAM RD
NAME CHANGED,14129,HarbourFront Stn Exit A,Telok Blangah Rd,1.26607869101924,103.81977877391114,21/07/2025,LTA,Bus stop name changed,Harbourfront Stn Exit A
NAME CHANGED,14281,SAFRA Mt Faber,Telok Blangah Way,1.27699671573899,103.81804377490616,21/07/2025,LTA,Bus stop name changed,Safra Mt Faber
NAME CHANGED,14501,Opp Blk 91A,Telok Blangah St 31,1.27687216148362,103.80648081848618,21/07/2025,LTA,Bus stop name changed,OPP BLK 91A
NAME CHANGED,14509,Blk 92B,Telok Blangah St 31,1.275651111,103.8068061,21/07/2025,LTA,Bus stop name changed,BLK 92B
NAME CHANGED,14539,Beach Stn Ter,Beach View,1.251427,103.818545,21/07/2025,LTA,Bus stop name changed,Beach Station Bus Terminal
NAME CHANGED,15191,Pasir Panjang Stn/FC,Pasir Panjang Rd,1.27581227029734,103.7926357125798,21/07/2025,LTA,Bus stop name changed,Pasir Panjang Stn/Fc
NAME CHANGED,16041,Opp Luxe Ville,Pasir Panjang Rd,1.2893086506189,103.77660095143266,21/07/2025,LTA,Bus stop name changed,OPP LUXE VILLE
NAME CHANGED,16049,Whitehaven,Pasir Panjang Rd,1.28910696351866,103.77738952047318,21/07/2025,LTA,Bus stop name changed,WHITEHAVEN
NAME CHANGED,16091,NUS Sports Ctr,AYE,1.299478,103.779229,21/07/2025,LTA,Bus stop name changed,Opp SIT Dover
NAME CHANGED,16099,Opp NUS Sports Ctr,AYE,1.30061249997689,103.77815138886749,21/07/2025,LTA,Bus stop name changed,SIT Dover
NAME CHANGED,16101,Inst of Micro-electronics,Science Pk Rd,1.28923831874246,103.77969239279668,21/07/2025,LTA,Bus stop name changed,Inst Of Micro-Electronics
NAME CHANGED,16161,NUS Museums,Kent Ridge Cres,1.30107500001488,103.77369416698464,21/07/2025,LTA,Bus stop name changed,Nus Museums
NAME CHANGED,16199,Bef Architecture Dr,Kent Ridge Cres,1.29639303583424,103.77072917887465,21/07/2025,LTA,Bus stop name changed,Aft Architecture Dr
NAME CHANGED,16209,Horizon Residences,Pasir Panjang Rd,1.28159092769912,103.78400650244838,21/07/2025,LTA,Bus stop name changed,HORIZON RESIDENCES
NAME CHANGED,17089,Bef West Coast Cres,West Coast Link,1.299684,103.765425,21/07/2025,LTA,Bus stop name changed,Before West Coast Crescent
NAME CHANGED,17099,UTown - Cendana,Clementi Rd,1.3078304704809,103.77165274445558,21/07/2025,LTA,Bus stop name changed,YALE-NUS COLLEGE
NAME CHANGED,17171,Clementi Stn Exit A/Mall,C'wealth Ave West,1.31497399268611,103.76502698264449,21/07/2025,LTA,Bus stop name changed,Clementi Stn Exit A
NAME CHANGED,18011,Aft HortPark,Alexandra Rd,1.28087089714667,103.8021033300325,21/07/2025,LTA,Bus stop name changed,Aft Hortpark
NAME CHANGED,18051,one-north Stn,Ayer Rajah Ave,1.29863776004531,103.7873441662514,21/07/2025,LTA,Bus stop name changed,One-North Stn
NAME CHANGED,18059,Opp one-north Stn,Ayer Rajah Ave,1.29849138898115,103.78720666698496,21/07/2025,LTA,Bus stop name changed,Opp One-North Stn
NAME CHANGED,18151,Opp one-north Stn/Galaxis,Portsdown Rd,1.30051083054497,103.78864286195989,21/07/2025,LTA,Bus stop name changed,Opp One-North Stn/Galaxis
NAME CHANGED,18159,one-north Stn/Galaxis,Portsdown Rd,1.3003468994065,103.78858368998314,21/07/2025,LTA,Bus stop name changed,One-North Stn/Galaxis
NAME CHANGED,19059,UTown - RC4,Dover Rd,1.30894500001531,103.7727225000061,21/07/2025,LTA,Bus stop name changed,University Town
NAME CHANGED,19071,Opp ACS Independent,Dover Rd,1.30515500002931,103.7810830559728,21/07/2025,LTA,Bus stop name changed,Opp Acs Independent
NAME CHANGED,19089,ACS Independent,Dover Rd,1.30370305599194,103.7818438890004,21/07/2025,LTA,Bus stop name changed,Acs Independent
NAME CHANGED,20021,NEWest,AYE,1.31675923723731,103.75788959223743,21/07/2025,LTA,Bus stop name changed,NEWEST
NAME CHANGED,20029,Opp NEWest,AYE,1.31772833949651,103.75767989744158,21/07/2025,LTA,Bus stop name changed,OPP NEWEST
NAME CHANGED,20131,S'pore Food Ind Bldg,West Coast Rd,1.3155936163792,103.7518511517015,21/07/2025,LTA,Bus stop name changed,S'pore Food Industries Bldg
NAME CHANGED,21029,Aft Corp Pl,Jln Ahmad Ibrahim,1.32429728567538,103.72180766916205,21/07/2025,LTA,Bus stop name changed,AFT CORP PL
NAME CHANGED,21151,CWT Distripk,Jurong Port Rd,1.3169920318205,103.71988944330612,21/07/2025,LTA,Bus stop name changed,CWT Distripark
NAME CHANGED,21171,Opp Corp Pl,Corporation Rd,1.3258163890121,103.71906611098208,21/07/2025,LTA,Bus stop name changed,OPP CORP PL
NAME CHANGED,21179,Corp Pl,Corporation Rd,1.32586166697514,103.71929527796604,21/07/2025,LTA,Bus stop name changed,CORP PL
NAME CHANGED,21229,Opp S'pore A'space Mfg,Corporation Rd,1.34206,103.716007,21/07/2025,LTA,Bus stop name changed,Opp S'Pore A'Space Mfg
NAME CHANGED,21241,Blk 216 CP,Boon Lay Ave,1.34973665190679,103.7123542531276,21/07/2025,LTA,Bus stop name changed,216 CP
NAME CHANGED,21261,Aft Chin Bee Ave,Quality Rd,1.33393514008105,103.7102508545148,21/07/2025,LTA,Bus stop name changed,AFT CHIN BEE AVE
NAME CHANGED,21321,UTOC Engrg,Jln Boon Lay,1.32624055798556,103.70885429370765,21/07/2025,LTA,Bus stop name changed,UTOC ENGRG
NAME CHANGED,21329,Opp UTOC Engrg,Jln Boon Lay,1.32691548284142,103.70901792785014,21/07/2025,LTA,Bus stop name changed,OPP UTOC ENGRG
NAME CHANGED,21351,Bef Boon Lay Way,Jln Boon Lay,1.33882138642125,103.70956429008974,21/07/2025,LTA,Bus stop name changed,BEF BOON LAY WAY
NAME CHANGED,21359,Aft ST Kinetics,Jln Boon Lay,1.33867010260834,103.7099597309989,21/07/2025,LTA,Bus stop name changed,AFT ST KINETICS
NAME CHANGED,21381,St. Joseph's Hme,Jurong West Ave 2,1.350462,103.709815,21/07/2025,LTA,Bus stop name changed,ST. JOSEPH'S HME
NAME CHANGED,21389,Opp St. Joseph's Hme,Jurong West Ave 2,1.350059,103.709927,21/07/2025,LTA,Bus stop name changed,OPP ST. JOSEPH'S HME
NAME CHANGED,21461,Bef Tukang Innovation Dr,Jln Tukang,1.32731972199567,103.71799361099863,21/07/2025,LTA,Bus stop name changed,BEF TUKANG INNOVATION DR
NAME CHANGED,21511,Bef Chin Bee Rd,Chin Bee Ave,1.3331199693958,103.71107697488075,21/07/2025,LTA,Bus stop name changed,Opp Amoy Canning
NAME CHANGED,21519,Aft Chin Bee Rd,Chin Bee Ave,1.33295908040191,103.71129155158584,21/07/2025,LTA,Bus stop name changed,Amoy Canning
NAME CHANGED,21619,Aft Corp Rd,Corporation Dr,1.33793509893342,103.71816213921478,21/07/2025,LTA,Bus stop name changed,AFT CORP RD
NAME CHANGED,21691,Opp Summerdale,Boon Lay Way,1.34107859811695,103.71138811111824,21/07/2025,LTA,Bus stop name changed,OPP SUMMERDALE
NAME CHANGED,21699,Summerdale,Boon Lay Way,1.34154982082089,103.71203075013112,21/07/2025,LTA,Bus stop name changed,SUMMERDALE
NAME CHANGED,21729,Opp Blk 239A,Boon Lay Dr,1.34238,103.711321,21/07/2025,LTA,Bus stop name changed,Opposite Blk 239A
NAME CHANGED,21771,Aft Corp Dr,Yung Ho Rd,1.3266,103.723626,21/07/2025,LTA,Bus stop name changed,AFT CORP DR
NAME CHANGED,22061,CEVA Logistics,Jln Buroh,1.31427617763344,103.70464097156749,21/07/2025,LTA,Bus stop name changed,Ceva Logistics
NAME CHANGED,22069,Opp CEVA Logistics,Jln Buroh,1.31365447950552,103.703794622055,21/07/2025,LTA,Bus stop name changed,Opp Ceva Logistics
NAME CHANGED,22179,Secura S'pore,Pioneer Rd Nth,1.33000472340216,103.6966590690515,21/07/2025,LTA,Bus stop name changed,Secura S'Pore
NAME CHANGED,22329,Opp Sam McCoy Engrg,Wan Lee Rd,1.33024346855102,103.70501590196446,21/07/2025,LTA,Bus stop name changed,Opp Sam Mccoy Engrg
NAME CHANGED,22561,Blk 660 CP,Boon Lay Way,1.33497038465954,103.704144267721,21/07/2025,LTA,Bus stop name changed,Blk 660 Cp
NAME CHANGED,24511,Gul Circle Stn Exit A,Tuas Rd,1.319446944,103.6608911,21/07/2025,LTA,Bus stop name changed,GUL CIRCLE STN EXIT A
NAME CHANGED,24519,Gul Circle Stn Exit B,Tuas Rd,1.319071944,103.6598081,21/07/2025,LTA,Bus stop name changed,GUL CIRCLE STN EXIT B
NAME CHANGED,24701,Tuas Cres Stn Exit B,Pioneer Rd,1.321386,103.649116,21/07/2025,LTA,Bus stop name changed,TUAS CRES STN EXIT B
NAME CHANGED,24709,Tuas Cres Stn Exit A,Pioneer Rd,1.32089,103.649026,21/07/2025,LTA,Bus stop name changed,TUAS CRES STN EXIT A
NAME CHANGED,24711,Tuas West Rd Stn Exit B,Pioneer Rd,1.329871,103.639994,21/07/2025,LTA,Bus stop name changed,TUAS WEST RD STN EXIT B
NAME CHANGED,24719,Tuas West Rd Stn Exit A,Pioneer Rd,1.330051,103.639332,21/07/2025,LTA,Bus stop name changed,TUAS WEST RD STN EXIT A
NAME CHANGED,25199,Rockwool Bldg Materials,Tuas Ave 1,1.32109472197296,103.65933166702904,21/07/2025,LTA,Bus stop name changed,Rockwool Building Materials
NAME CHANGED,25411,Bef Tuas Ter,Tuas West Dr,1.34387062081224,103.63830559259954,21/07/2025,LTA,Bus stop name changed,BEF TUAS TER
NAME CHANGED,25421,Opp Tuas Lk Stn,Tuas West Dr,1.3414665264837,103.63745040018382,21/07/2025,LTA,Bus stop name changed,OPP TUAS LINK STN
NAME CHANGED,25429,Tuas Lk Stn,Tuas West Dr,1.34055807307548,103.63696536000046,21/07/2025,LTA,Bus stop name changed,TUAS LINK STN
NAME CHANGED,25511,Michelman,Tuas Ave 12,1.32981500001918,103.64080472198737,21/07/2025,LTA,Bus stop name changed,MICHELMAN
NAME CHANGED,25519,Opp Michelman,Tuas Ave 12,1.32981451584967,103.6409965426425,21/07/2025,LTA,Bus stop name changed,OPP MICHELMAN
NAME CHANGED,25531,ST Kinetics,Tuas Ave 7,1.332349,103.645156,21/07/2025,LTA,Bus stop name changed,ST KINETICS
NAME CHANGED,25539,Fujifilm,Tuas Ave 7,1.332311,103.64507,21/07/2025,LTA,Bus stop name changed,FUJIFILM
NAME CHANGED,25549,CAST Laboratories,Tuas Ave 7,1.329815,103.647687,21/07/2025,LTA,Bus stop name changed,CAST LABORATORIES
NAME CHANGED,25559,Lee Welded Mesh,Tuas Ave 8,1.325651,103.645879,21/07/2025,LTA,Bus stop name changed,LEE WELDED MESH
NAME CHANGED,25571,Opp West Star,Tuas Sth Ave 5,1.315444,103.635242,21/07/2025,LTA,Bus stop name changed,OPP WEST STAR
NAME CHANGED,25579,West Star,Tuas Sth Ave 5,1.315542,103.634947,21/07/2025,LTA,Bus stop name changed,WEST STAR
NAME CHANGED,25589,Crown Equipment,Tuas Ave 8,1.328334,103.648426,21/07/2025,LTA,Bus stop name changed,CROWN EQUIPMENT
NAME CHANGED,25591,Opp Wyeth Pharmaceuticals,Tuas Sth Ave 4,1.310246,103.63509,21/07/2025,LTA,Bus stop name changed,OPP WYETH PHARMACEUTICALS
NAME CHANGED,25599,Wyeth Pharmaceuticals,Tuas Sth Ave 4,1.30943,103.635806,21/07/2025,LTA,Bus stop name changed,WYETH PHARMACEUTICALS
NAME CHANGED,25601,Pfizer Global,Tuas Sth Ave 7,1.301632,103.634717,21/07/2025,LTA,Bus stop name changed,PFIZER GLOBAL
NAME CHANGED,25609,Merck Sharp & Dohme,Tuas Sth Ave 7,1.301942,103.634519,21/07/2025,LTA,Bus stop name changed,MERCK SHARP & DOHME
NAME CHANGED,25611,Opp WestLink Two,Tuas Sth Ave 7,1.297703,103.633033,21/07/2025,LTA,Bus stop name changed,OPP WESTLINK TWO
NAME CHANGED,25621,Starburst Engrg,Tuas Sth Ave 7,1.294382,103.631889,21/07/2025,LTA,Bus stop name changed,STARBURST ENGRG
NAME CHANGED,25631,Container Connections,Tuas Sth Ave 7,1.290329,103.631397,21/07/2025,LTA,Bus stop name changed,CONTAINER CONNECTIONS
NAME CHANGED,25641,Opp Roche S'pore Tech,Tuas Sth Ave 9,1.296157,103.638434,21/07/2025,LTA,Bus stop name changed,OPP ROCHE S'PORE TECH
NAME CHANGED,25651,Novartis,Tuas Sth Ave 6,1.299345,103.63553,21/07/2025,LTA,Bus stop name changed,NOVARTIS
NAME CHANGED,25671,Bef Offshore Marine Ctr,Tuas Bay Link,1.294546,103.641614,21/07/2025,LTA,Bus stop name changed,BEF OFFSHORE MARINE CTR
NAME CHANGED,25681,Bef Tuas West Ave,Pioneer Rd,1.332541,103.637033,21/07/2025,LTA,Bus stop name changed,BEF TUAS WEST AVE
NAME CHANGED,25689,Aft Tuas West Ave,Pioneer Rd,1.332109,103.637126,21/07/2025,LTA,Bus stop name changed,AFT TUAS WEST AVE
NAME CHANGED,25691,Aft Tuas West Rd Stn,Tuas Ave 20,1.328519,103.639669,21/07/2025,LTA,Bus stop name changed,AFT TUAS WEST RD STN
NAME CHANGED,25701,GlaxoSmithKline,Tuas Sth Ave 5,1.295593,103.627651,21/07/2025,LTA,Bus stop name changed,GLAXOSMITHKLINE
NAME CHANGED,25709,Edgen Murray,Tuas Sth Ave 5,1.295671,103.627284,21/07/2025,LTA,Bus stop name changed,EDGEN MURRAY
NAME CHANGED,25711,Opp The Index,Tuas Sth Ave 5,1.288627,103.625073,21/07/2025,LTA,Bus stop name changed,OPP THE INDEX
NAME CHANGED,25719,The Index,Tuas Sth Ave 5,1.289014,103.624893,21/07/2025,LTA,Bus stop name changed,THE INDEX
NAME CHANGED,25729,Abbott,Tuas Sth Ave 10,1.284932,103.628258,21/07/2025,LTA,Bus stop name changed,ABBOTT
NAME CHANGED,25741,Halliburton,Tuas Sth Ave 12,1.280501,103.62711,21/07/2025,LTA,Bus stop name changed,HALLIBURTON
NAME CHANGED,25751,Bef Tuas Sth Ave 14,Tuas Sth Ave 5,1.278059,103.621663,21/07/2025,LTA,Bus stop name changed,BEF TUAS STH AVE 14
NAME CHANGED,25761,Opp REC S'pore,Tuas Sth Ave 14,1.275062,103.624222,21/07/2025,LTA,Bus stop name changed,OPP REC S'PORE
NAME CHANGED,25771,Aft Tuas Sth St 7,Tuas Sth Ave 14,1.274334,103.632329,21/07/2025,LTA,Bus stop name changed,AFT TUAS STH ST 7
NAME CHANGED,25781,Opp SLS,Tuas Sth Ave 9,1.276398,103.635811,21/07/2025,LTA,Bus stop name changed,OPP SLS
NAME CHANGED,25791,Bef Tuas Sth Ave 10,Tuas Sth Ave 9,1.28202,103.636126,21/07/2025,LTA,Bus stop name changed,BEF TUAS STH AVE 10
NAME CHANGED,25801,Bef Tuas Sth Ave 7,Tuas Sth Ave 10,1.28451,103.634186,21/07/2025,LTA,Bus stop name changed,BEF TUAS STH AVE 7
NAME CHANGED,25821,Tuas Amenity Ctr,Pioneer Rd,1.317492,103.652589,21/07/2025,LTA,Bus stop name changed,TUAS AMENITY CTR
NAME CHANGED,26019,Progress Galvanizing,Tuas Cres,1.318612,103.648062,21/07/2025,LTA,Bus stop name changed,PROGRESS GALVANIZING
NAME CHANGED,26029,Chia Hock Trading Co,Tuas Cres,1.317805,103.647257,21/07/2025,LTA,Bus stop name changed,CHIA HOCK TRADING CO
NAME CHANGED,26039,Asia Polyurethane,Tuas Cres,1.316062,103.645623,21/07/2025,LTA,Bus stop name changed,ASIA POLYURETHANE
NAME CHANGED,26041,Hiap Seng Engrg Ltd,Tuas Cres,1.314711,103.643052,21/07/2025,LTA,Bus stop name changed,HIAP SENG ENGRG LTD
NAME CHANGED,26051,Blasting Abrasives,Tuas Cres,1.316385,103.641295,21/07/2025,LTA,Bus stop name changed,BLASTING ABRASIVES
NAME CHANGED,26059,PaxOcean,Tuas Cres,1.31672777803073,103.64083888900358,21/07/2025,LTA,Bus stop name changed,PAXOCEAN
NAME CHANGED,26061,BS Development,Tuas Cres,1.318186,103.639406,21/07/2025,LTA,Bus stop name changed,B S DEVELOPMENT
NAME CHANGED,26071,Unifine Star Petrochem,Tuas Cres,1.320508,103.637024,21/07/2025,LTA,Bus stop name changed,UNIFINE STAR PETROCHEM
NAME CHANGED,26081,Bef Tuas Ave 18A,Tuas Cres,1.322491,103.634908,21/07/2025,LTA,Bus stop name changed,BEF TUAS AVE 18A
NAME CHANGED,26091,Rotary Engrg,Tuas Ave 20,1.324656,103.636135,21/07/2025,LTA,Bus stop name changed,ROTARY ENGRG
NAME CHANGED,26101,BASF Sth East Asia,Tuas Ave 20,1.326868,103.638144,21/07/2025,LTA,Bus stop name changed,BASF STH EAST ASIA
NAME CHANGED,27221,Sch of CEE,Nanyang Dr,1.34623151653928,103.67851763727316,21/07/2025,LTA,Bus stop name changed,Sch Of CEE
NAME CHANGED,27501,NTUC Health Nursing Hme,Jurong West St 93,1.34097116721964,103.69167107077278,21/07/2025,LTA,Bus stop name changed,NTUC HEALTH NURSING HME
NAME CHANGED,27539,Bef Xingnan Pr Sch,Jurong West St 91,1.34071614464901,103.6868923374865,21/07/2025,LTA,Bus stop name changed,BEF XINGNAN PR SCH
NAME CHANGED,28011,Bef Toh Tuck Ave,C'wealth Ave West,1.32425805601593,103.7591472219987,21/07/2025,LTA,Bus stop name changed,BEF TOH TUCK AVE
NAME CHANGED,28021,Opp 8 @Tradehub 21,Boon Lay Way,1.32615808379173,103.75545022241596,21/07/2025,LTA,Bus stop name changed,OPP 8 @TRADEHUB 21
NAME CHANGED,28029,8 @ Tradehub 21,Boon Lay Way,1.32688998200812,103.7543602766846,21/07/2025,LTA,Bus stop name changed,8 @ TRADEHUB 21
NAME CHANGED,28199,Opp Jem,Jurong Gateway Rd,1.332679,103.743839,21/07/2025,LTA,Bus stop name changed,Opposite JEM
NAME CHANGED,29119,ComfortDelGro Engrg,Pandan Rd,1.30075962146214,103.74720096588952,21/07/2025,LTA,Bus stop name changed,Comfortdelgro Engrg
NAME CHANGED,29121,Opp CLP Intl,Tg Penjuru,1.30670185792468,103.73955130573648,21/07/2025,LTA,Bus stop name changed,Opp Clp Intl
NAME CHANGED,29129,CLP Intl,Tg Penjuru,1.30639194302217,103.73949183679694,21/07/2025,LTA,Bus stop name changed,Clp Intl
NAME CHANGED,30119,Aft Choa Chu Kang Ave 6,Brickland Rd,1.37288750001555,103.7404039307868,21/07/2025,LTA,Bus stop name changed,AFT CHOA CHU KANG AVE 6
NAME CHANGED,30129,Opp Blk 805D,Brickland Rd,1.37203889001441,103.74381033081468,21/07/2025,LTA,Bus stop name changed,OPP BLK 805D
NAME CHANGED,31131,CCK Cemy Office,Old Choa Chu Kang Rd,1.3721005602879,103.6901494100538,21/07/2025,LTA,Bus stop name changed,Aft Track 33
NAME CHANGED,31139,Opp CCK Cemy Office,Old Choa Chu Kang Rd,1.37211281474792,103.69038412231409,21/07/2025,LTA,Bus stop name changed,Bef Track 33
NAME CHANGED,31141,Aft Gdn of Remembrance,Old Choa Chu Kang Rd,1.37409630689339,103.69342185827556,21/07/2025,LTA,Bus stop name changed,CCK Cemy Office
NAME CHANGED,31149,Bef Gdn of Remembrance,Old Choa Chu Kang Rd,1.37394854683347,103.69400832710886,21/07/2025,LTA,Bus stop name changed,Opp CCK Cemy Office
NAME CHANGED,40011,Little India Stn Exit A,Bt Timah Rd,1.30606411522588,103.84908751469008,21/07/2025,LTA,Bus stop name changed,LITTLE INDIA STN EXIT A
NAME CHANGED,40021,Bef Winstedt Rd,Bt Timah Rd,1.311033889,103.8427911,21/07/2025,LTA,Bus stop name changed,BEF WINSTEDT RD
NAME CHANGED,40081,Stevens Stn Exit 1,Bt Timah Rd,1.32012951912406,103.82605259642706,21/07/2025,LTA,Bus stop name changed,STEVENS STN EXIT 1
NAME CHANGED,40089,Aft Stevens Stn Exit 5,Dunearn Rd,1.320510556,103.8273903,21/07/2025,LTA,Bus stop name changed,AFT STEVENS STN EXIT 5
NAME CHANGED,40101,KK Women & Children Hosp,Kg Java Rd,1.31036186651665,103.8477914890244,21/07/2025,LTA,Bus stop name changed,Kk Women & Children Hosp
NAME CHANGED,40209,Novotel Mercure @ Stevens,Stevens Rd,1.31388805600649,103.82738777802837,21/07/2025,LTA,Bus stop name changed,NOVOTEL MERCURE @ STEVENS
NAME CHANGED,40239,Bef Stevens Stn Exit 4,Whitley Rd,1.322585278,103.8262153,21/07/2025,LTA,Bus stop name changed,BEF STEVENS STN EXIT 4
NAME CHANGED,40249,St. Joseph's Instn,Whitley Rd,1.3249247219882,103.82735055603024,21/07/2025,LTA,Bus stop name changed,St. Joseph'S Instn
NAME CHANGED,40279,KK Women & Children Hosp,Bt Timah Rd,1.30981925741503,103.8460393043403,21/07/2025,LTA,Bus stop name changed,Kk Women & Children Hosp
NAME CHANGED,40371,Opp Blk 465A,Bt Batok West Ave 5,1.35813308018627,103.74305344718294,21/07/2025,LTA,Bus stop name changed,OPP BLK 465A
NAME CHANGED,40379,Blk 467 CP,Bt Batok West Ave 5,1.35754268986546,103.74357270089524,21/07/2025,LTA,Bus stop name changed,Blk 467 Cp
NAME CHANGED,40389,Tengah CC,Plantation Cres,1.356473,103.734424,21/07/2025,LTA,Bus stop name changed,Blk 119
NAME CHANGED,40439,Opp Blk 236A,Tengah Garden Walk,1.3611,103.731,21/07/2025,LTA,Bus stop name changed,Opposite Blk 236A
NAME CHANGED,41121,S'pore Bible Coll,Adam Rd,1.32554444399609,103.81350777801268,21/07/2025,LTA,Bus stop name changed,S'Pore Bible Coll
NAME CHANGED,41129,Opp S'pore Bible Coll,Adam Rd,1.32542946413096,103.81399869920736,21/07/2025,LTA,Bus stop name changed,Opp S'Pore Bible Coll
NAME CHANGED,41161,Aft Kheam Hock Rd,Lornie Highway,1.335063889,103.8187389,21/07/2025,LTA,Bus stop name changed,AFT KHEAM HOCK RD
NAME CHANGED,42111,Woh Hup Bldg,Upp Bt Timah Rd,1.34584805601375,103.77262861101016,21/07/2025,LTA,Bus stop name changed,WOH HUP BLDG
NAME CHANGED,42139,Avenue Villa,Sixth Ave,1.32877805376848,103.7944440268283,21/07/2025,LTA,Bus stop name changed,Ave Villa
NAME CHANGED,42991,Bef Hillview Stn Exit B,Upp Bt Timah Rd,1.36164,103.766952,21/07/2025,LTA,Bus stop name changed,BEF HILLVIEW STN EXIT B
NAME CHANGED,43069,Hillview Stn Exit A,Upp Bt Timah Rd,1.36296778241046,103.76768583722072,21/07/2025,LTA,Bus stop name changed,HILLVIEW STN EXIT A
NAME CHANGED,43111,Min of Defence,Upp Bt Timah Rd,1.37229972154626,103.76298146518724,21/07/2025,LTA,Bus stop name changed,Min Of Defence
NAME CHANGED,43199,Ch of St. Mary,Bt Batok East Ave 6,1.34663409083885,103.75920055445124,21/07/2025,LTA,Bus stop name changed,Ch Of St. Mary
NAME CHANGED,43211,SBST Bt Batok Depot,Bt Batok St 23,1.34087277799084,103.75507916698768,21/07/2025,LTA,Bus stop name changed,Sbst Bt Batok Depot
NAME CHANGED,43219,Opp SBST Bt Batok Depot,Bt Batok St 23,1.3413740257309,103.75446757134856,21/07/2025,LTA,Bus stop name changed,Opp Sbst Bt Batok Depot
NAME CHANGED,43452,Aft Bt Batok West Ave 3,Bt Batok Rd,1.348526111,103.7385769,21/07/2025,LTA,Bus stop name changed,AFT BT BATOK WEST AVE 3
NAME CHANGED,43453,Bef PIE,Bt Batok Rd,1.3479,103.7385,21/07/2025,LTA,Bus stop name changed,BEF PIE
NAME CHANGED,43631,PPIS Bt Batok,Old Jurong Rd,1.34785920936647,103.7685845905285,21/07/2025,LTA,Bus stop name changed,Ppis Bt Batok
NAME CHANGED,43639,Opp PPIS Bt Batok,Old Jurong Rd,1.34810218754524,103.76845262919154,21/07/2025,LTA,Bus stop name changed,Opp Ppis Bt Batok
NAME CHANGED,43681,Bt Batok Hme for the Aged,Bt Batok West Ave 2,1.36178500002853,103.74358000000312,21/07/2025,LTA,Bus stop name changed,BT BATOK HME FOR THE AGED
NAME CHANGED,43789,Blk 436A,Bt Batok Rd,1.35915702140816,103.73950237742632,21/07/2025,LTA,Bus stop name changed,BLK 436A
NAME CHANGED,43891,Aft Dairy Farm Cres,Dairy Farm Rd,1.363698889,103.7692319,21/07/2025,LTA,Bus stop name changed,AFT DAIRY FARM CRES
NAME CHANGED,43899,Bef Dairy Farm Cres,Dairy Farm Rd,1.363535,103.769,21/07/2025,LTA,Bus stop name changed,BEF DAIRY FARM CRES
NAME CHANGED,43961,Aft Dairy Farm Hts,Dairy Farm Rd,1.364838889,103.7729861,21/07/2025,LTA,Bus stop name changed,AFT DAIRY FARM HTS
NAME CHANGED,43969,Bef Dairy Farm Hts,Dairy Farm Rd,1.36463,103.7725931,21/07/2025,LTA,Bus stop name changed,BEF DAIRY FARM HTS
NAME CHANGED,43991,Opp Blk 635A,Woodlands Rd,1.386207,103.7565,21/07/2025,LTA,Bus stop name changed,OPP BLK 635A
NAME CHANGED,44029,Bt Panjang Stn Exit A/LRT,Upp Bt Timah Rd,1.37863409952448,103.7621954983533,21/07/2025,LTA,Bus stop name changed,Bt Panjang Stn Exit A/Lrt
NAME CHANGED,44291,Opp CCK Polyclinic,Teck Whye Ave,1.38151999999791,103.75140111097832,21/07/2025,LTA,Bus stop name changed,Opp Cck Polyclinic
NAME CHANGED,44299,CCK Polyclinic,Teck Whye Ave,1.38177250001353,103.75131333302434,21/07/2025,LTA,Bus stop name changed,Cck Polyclinic
NAME CHANGED,44499,Blk 429A CP,Choa Chu Kang Ave 4,1.383205,103.740969,21/07/2025,LTA,Bus stop name changed,Blk 429A Cp
NAME CHANGED,44691,Blk 485,Segar Rd,1.38826258050731,103.7714646491703,21/07/2025,LTA,Bus stop name changed,BLK 485
NAME CHANGED,44699,Blk 457,Segar Rd,1.38805300466507,103.77154344868076,21/07/2025,LTA,Bus stop name changed,BLK 457
NAME CHANGED,44831,Blk 519,Bt Panjang Ring Rd,1.387891389,103.7657931,21/07/2025,LTA,Bus stop name changed,BLK 519
NAME CHANGED,44839,West Spring Pr Sch,Bt Panjang Ring Rd,1.38855,103.7662,21/07/2025,LTA,Bus stop name changed,West Spring Pri Sch
NAME CHANGED,44861,Blk 636A,Senja Rd,1.3866920101757,103.75877312173012,21/07/2025,LTA,Bus stop name changed,BLK 636A
NAME CHANGED,44869,Bef Blk 629A CP,Senja Rd,1.38658738981297,103.75886226371928,21/07/2025,LTA,Bus stop name changed,Bef Blk 629A Cp
NAME CHANGED,44881,Blk 816B,Keat Hong Link,1.37573320756145,103.74842003077862,21/07/2025,LTA,Bus stop name changed,BLK 816B
NAME CHANGED,44911,Blk 450,Bt Panjang Ring Rd,1.3848475,103.772859,21/07/2025,LTA,Bus stop name changed,BLK 450
NAME CHANGED,44941,Opp Blk 502,KJE,1.388198,103.744284,21/07/2025,LTA,Bus stop name changed,OPP BLK 502
NAME CHANGED,44949,Aft Blk 503,KJE,1.388429,103.742903,21/07/2025,LTA,Bus stop name changed,AFT BLK 503
NAME CHANGED,45009,Bt Panjang Int,Petir Rd,1.37812611932206,103.763286611367,21/07/2025,LTA,Bus stop name changed,BT PANJANG INT
NAME CHANGED,45141,Aft W'lands Rd,Kranji Rd,1.42484086207371,103.75684069951171,21/07/2025,LTA,Bus stop name changed,Aft W'Lands Rd
NAME CHANGED,45149,Bef W'lands Rd,Kranji Rd,1.4251485321405,103.75694671247685,21/07/2025,LTA,Bus stop name changed,Bef W'Lands Rd
NAME CHANGED,45221,Aft W'lands Rd,Mandai Rd,1.41185472198007,103.75786055597196,21/07/2025,LTA,Bus stop name changed,Aft W'Lands Rd
NAME CHANGED,45229,Bef W'lands Rd,Mandai Rd,1.41157694400245,103.75794694401966,21/07/2025,LTA,Bus stop name changed,Bef W'Lands Rd
NAME CHANGED,45489,Bef Choa Chu Kang Lk,Choa Chu Kang Nth 5,1.3937917601606,103.7519993800878,21/07/2025,LTA,Bus stop name changed,BEF CHOA CHU KANG LK
NAME CHANGED,45491,Bef Choa Chu Kang Nth 5,Stagmont Ring,1.39414432388749,103.75296269916254,21/07/2025,LTA,Bus stop name changed,BEF CHOA CHU KANG NTH 5
NAME CHANGED,45581,Blk 325,Woodlands St 32,1.430976111,103.7800619,21/07/2025,LTA,Bus stop name changed,BLK 325
NAME CHANGED,46019,Aft W'lands Ctr Rd,Marsiling Rd,1.4386733329964,103.7741286109918,21/07/2025,LTA,Bus stop name changed,Aft W'Lands Ctr Rd
NAME CHANGED,46021,Bef W'lands Ind Pk D St 2,Woodlands Rd,1.42919861102901,103.76175138901188,21/07/2025,LTA,Bus stop name changed,Bef W'Lands Ind Pk D St 2
NAME CHANGED,46029,Aft W'lands Ind Pk D St 2,Woodlands Rd,1.42861423605127,103.76226643430736,21/07/2025,LTA,Bus stop name changed,Aft W'Lands Ind Pk D St 2
NAME CHANGED,46041,Opp GLOBALFOUNDRIES,Woodlands Rd,1.43664137008987,103.76405579624996,21/07/2025,LTA,Bus stop name changed,Opp Globalfoundries
NAME CHANGED,46049,GLOBALFOUNDRIES,Woodlands Rd,1.43709,103.76476,21/07/2025,LTA,Bus stop name changed,Globalfoundries
NAME CHANGED,46059,GLOBALFOUNDRIES/Aft BKE,Woodlands Rd,1.4387537800127,103.76656472079624,21/07/2025,LTA,Bus stop name changed,Globalfoundries/Aft Bke
NAME CHANGED,46069,W'lands Train Checkpt,Woodlands Ctr Rd,1.44288948418349,103.769338337993,21/07/2025,LTA,Bus stop name changed,W'Lands Train Checkpt
NAME CHANGED,46091,Bef BKE,Woodlands Ctr Rd,1.43960616363191,103.77010864564294,21/07/2025,LTA,Bus stop name changed,Bef Bke
NAME CHANGED,46101,W'lands Checkpt,Woodlands Crossing,1.44460832436456,103.76774882217022,21/07/2025,LTA,Bus stop name changed,W'Lands Checkpt
NAME CHANGED,46109,W'lands Checkpt,Woodlands Crossing,1.44694093553778,103.76925342517902,21/07/2025,LTA,Bus stop name changed,W'Lands Checkpt
NAME CHANGED,46121,Opp Marsiling Lane Mkt/FC,Admiralty Rd,1.44387999997343,103.7764388889843,21/07/2025,LTA,Bus stop name changed,Opp Marsiling Lane Mkt/Fc
NAME CHANGED,46129,Marsiling Lane Mkt/FC,Admiralty Rd,1.44378798401059,103.77675415681388,21/07/2025,LTA,Bus stop name changed,Marsiling Lane Mkt/Fc
NAME CHANGED,46321,W'lands Civic Ctr,Woodlands Ave 5,1.43457763941924,103.78655642033898,21/07/2025,LTA,Bus stop name changed,W'Lands Civic Ctr
NAME CHANGED,46329,Opp W'lands Civic Ctr,Woodlands Ave 5,1.43444810854853,103.78737576801932,21/07/2025,LTA,Bus stop name changed,Opp W'Lands Civic Ctr
NAME CHANGED,46339,Bef W'lands Stn Exit 7,Woodlands Ave 2,1.43352632033198,103.78798319246935,21/07/2025,LTA,Bus stop name changed,Bef W'Lands Stn Exit 7
NAME CHANGED,46351,Woodhaven,Woodlands Ave 1,1.43084888887005,103.78373500001295,21/07/2025,LTA,Bus stop name changed,WOODHAVEN
NAME CHANGED,46381,Opp W'lands Ind Pk D St 1,Woodlands Ave 3,1.42907427878851,103.76676266569542,21/07/2025,LTA,Bus stop name changed,Opp W'Lands Ind Pk D St 1
NAME CHANGED,46389,Aft W'lands Ind Pk D St 1,Woodlands Ave 3,1.42930397640592,103.76660954719264,21/07/2025,LTA,Bus stop name changed,Aft W'Lands Ind Pk D St 1
NAME CHANGED,46481,Aft W'lands Ind Pk E6,Woodlands Ave 9,1.44964404178885,103.8011125258027,21/07/2025,LTA,Bus stop name changed,Aft Woodlands Ind Pk E6
NAME CHANGED,46631,W'lands Stn Exit 5,Woodlands Ave 2,1.43689297551872,103.78915264291736,21/07/2025,LTA,Bus stop name changed,W'Lands Stn Exit 5
NAME CHANGED,46639,W'lands Stn Exit 4,Woodlands Ave 2,1.43702205360453,103.78884919678752,21/07/2025,LTA,Bus stop name changed,W'Lands Stn Exit 4
NAME CHANGED,46669,W'lands Pr Sch,Woodlands Dr 50,1.43740934044808,103.79182446445486,21/07/2025,LTA,Bus stop name changed,W'Lands Pr Sch
NAME CHANGED,46721,Bef W'lands Ind Pk E7,Woodlands Ave 8,1.45248916519346,103.80178758846796,21/07/2025,LTA,Bus stop name changed,Bef W'Lands Ind Pk E7
NAME CHANGED,46729,Aft W'lands Ind Pk E7,Woodlands Ave 8,1.4521571470745,103.80223070821164,21/07/2025,LTA,Bus stop name changed,Aft W'Lands Ind Pk E7
NAME CHANGED,46739,Blk 782,Gambas Ave,1.44847350274561,103.804003380222,21/07/2025,LTA,Bus stop name changed,BLK 782
NAME CHANGED,46759,Blk 676A,Woodlands Ring Rd,1.439275,103.801227,21/07/2025,LTA,Bus stop name changed,BLK 676A
NAME CHANGED,46801,Aft W'lands Mart,Woodlands Ave 6,1.44651205748064,103.79756626316296,21/07/2025,LTA,Bus stop name changed,Aft W'Lands Mart
NAME CHANGED,46809,Opp W'lands Mart,Woodlands Ave 6,1.44649662319346,103.79808713932866,21/07/2025,LTA,Bus stop name changed,Opp W'Lands Mart
NAME CHANGED,46931,Opp W'lands Spectrum 1,Woodlands Ave 9,1.45305389773625,103.80789928421208,21/07/2025,LTA,Bus stop name changed,Opp W'Lands Spectrum 1
NAME CHANGED,47011,Bef W'lands Waterfront Pk,Admiralty Rd,1.45076766255392,103.77863124035152,21/07/2025,LTA,Bus stop name changed,Bef W'Lands Waterfront Pk
NAME CHANGED,47019,Aft W'lands Waterfront Pk,Admiralty Rd,1.45075155241442,103.77892930711522,21/07/2025,LTA,Bus stop name changed,Aft W'Lands Waterfront Pk
NAME CHANGED,47021,Khalsa Cres Drug Rehab Ctr,Admiralty Rd West,1.4511345744486,103.78327492635378,21/07/2025,LTA,Bus stop name changed,Khalsa Crescent Drug Rehab Ctr
NAME CHANGED,47029,Opp Khalsa Cres Drug Rehab Ctr,Admiralty Rd West,1.45096550351717,103.78252315836184,21/07/2025,LTA,Bus stop name changed,Opp Khalsa Crescent Drug Rehab Ctr
NAME CHANGED,47041,Opp W'lands Auto Hub,Admiralty Rd West,1.4525686110144,103.79164305597229,21/07/2025,LTA,Bus stop name changed,Opp W'Lands Auto Hub
NAME CHANGED,47049,W'lands Auto Hub,Admiralty Rd West,1.45246524141338,103.7925804884025,21/07/2025,LTA,Bus stop name changed,W'Lands Auto Hub
NAME CHANGED,47051,Aft W'lands Ind Pk E4,Admiralty Rd West,1.45449749999994,103.79560277796767,21/07/2025,LTA,Bus stop name changed,Aft W'Lands Ind Pk E4
NAME CHANGED,47059,Bef W'lands Ind Pk E4,Admiralty Rd West,1.45396450182247,103.7954729366899,21/07/2025,LTA,Bus stop name changed,Bef W'Lands Ind Pk E4
NAME CHANGED,47099,Masterdon,Senoko Dr,1.46400708429355,103.80529911397456,21/07/2025,LTA,Bus stop name changed,MASTERDON
NAME CHANGED,47101,Bef Senoko Ave,Senoko Dr,1.46653722200693,103.8090658329841,21/07/2025,LTA,Bus stop name changed,Aft Senoko Ave
NAME CHANGED,47109,MaxSteel Enterprise,Senoko Dr,1.46608416701086,103.80861861101393,21/07/2025,LTA,Bus stop name changed,Maxsteel Enterprise
NAME CHANGED,47131,Fuji Oil S'pore,Senoko Rd,1.46664224303828,103.80222436305644,21/07/2025,LTA,Bus stop name changed,Fuji Oil S'Pore
NAME CHANGED,47141,Bef SC Auto,Senoko Rd,1.46756958848835,103.80367776966509,21/07/2025,LTA,Bus stop name changed,Bef Sc Auto
NAME CHANGED,47151,Aft Scania S'pore,Senoko Rd,1.46627333237122,103.80397260190183,21/07/2025,LTA,Bus stop name changed,Aft Scania S'Pore
NAME CHANGED,47169,Chuan Lim Constrn,Senoko Dr,1.46092504799029,103.80059733131966,21/07/2025,LTA,Bus stop name changed,CHUAN LIM CONSTRN
NAME CHANGED,47179,ComfortDelGro Engrg,Senoko Loop,1.45828424831176,103.79880737870576,21/07/2025,LTA,Bus stop name changed,Comfortdelgro Engrg
NAME CHANGED,47491,Twin Fountains,Woodlands Ave 6,1.431021111,103.8004889,21/07/2025,LTA,Bus stop name changed,TWIN FOUNTAINS
NAME CHANGED,47499,Opp Twin Fountains,Woodlands Ave 6,1.430773889,103.8006081,21/07/2025,LTA,Bus stop name changed,OPP TWIN FOUNTAINS
NAME CHANGED,47509,Blk 583,Woodlands Dr 16,1.430331111,103.7948411,21/07/2025,LTA,Bus stop name changed,BLK 583
NAME CHANGED,47529,Blk 573A,Woodlands Dr 16,1.431536111,103.7981161,21/07/2025,LTA,Bus stop name changed,BLK 573A
NAME CHANGED,47749,W'lands Health Campus,Woodlands Dr 17,1.425821,103.793911,21/07/2025,LTA,Bus stop name changed,Woodlands Health Campus
NAME CHANGED,47811,W'lands Sunny Food,Admiralty Rd West,1.46237692251291,103.80898707919847,21/07/2025,LTA,Bus stop name changed,W'Lands Sunny Food
NAME CHANGED,47819,Opp W'lands Sunny Food,Admiralty Rd West,1.4625580134543,103.81005089658552,21/07/2025,LTA,Bus stop name changed,Opp W'Lands Sunny Food
NAME CHANGED,48131,S'pore Zoo,Mandai Lake Rd,1.40462388269986,103.78935694475769,21/07/2025,LTA,Bus stop name changed,S'Pore Zoo
NAME CHANGED,49171,Opp Shingda Constrn,Kranji Way,1.43471927034855,103.7508663166314,21/07/2025,LTA,Bus stop name changed,OPP SHINGDA CONSTRN
NAME CHANGED,49199,Kranji Resvr Pk B,Kranji Way,1.4383674275063,103.73578447263064,21/07/2025,LTA,Bus stop name changed,Kranji Reservoir Pk B
NAME CHANGED,50011,Opp Parish of Christ Ch,Kg Java Rd,1.31181999999518,103.84719777801662,21/07/2025,LTA,Bus stop name changed,Opp Parish Of Christ Ch
NAME CHANGED,50019,Parish of Christ Ch,Keng Lee Rd,1.31194891032358,103.8476385617414,21/07/2025,LTA,Bus stop name changed,Parish Of Christ Ch
NAME CHANGED,50231,NorthLight Sch,Balestier Rd,1.31872472201456,103.85492583301324,21/07/2025,LTA,Bus stop name changed,Northlight Sch
NAME CHANGED,51051,Aft Andrew Rd,Thomson Rd,1.33635352726982,103.83707802024657,21/07/2025,LTA,Bus stop name changed,AFT ANDREW RD
NAME CHANGED,51059,Aft Toa Payoh Rise,Thomson Rd,1.3370325833883,103.83735019393414,21/07/2025,LTA,Bus stop name changed,AFT TOA PAYOH RISE
NAME CHANGED,52021,Opp Blk 1004,Braddell Rd,1.34431313758435,103.84766088139544,21/07/2025,LTA,Bus stop name changed,OPP BLK 1004
NAME CHANGED,52031,Opp Blk 998,Braddell Rd,1.34404852974216,103.85026155631284,21/07/2025,LTA,Bus stop name changed,OPP BLK 998
NAME CHANGED,52051,Blk 147,Braddell Rd,1.34338820709349,103.85469257245784,21/07/2025,LTA,Bus stop name changed,BLK 147
NAME CHANGED,52069,ComfortDelGro Corp Ltd,Braddell Rd,1.34314389988912,103.85856611406128,21/07/2025,LTA,Bus stop name changed,Comfortdelgro Corp Ltd
NAME CHANGED,52241,Blk 105,Toa Payoh Rise,1.33804611111505,103.8389949999753,21/07/2025,LTA,Bus stop name changed,Bef Caldecott Stn/Savh
NAME CHANGED,52421,Blk 12,Lor 7 Toa Payoh,1.336232,103.857428,21/07/2025,LTA,Bus stop name changed,BLK 12
NAME CHANGED,52431,Blk 5,Lor 7 Toa Payoh,1.3383165,103.855529,21/07/2025,LTA,Bus stop name changed,BLK 5
NAME CHANGED,52501,Bef Toa Payoh Pk,Lor 6 Toa Payoh,1.33090220918791,103.85011762889827,21/07/2025,LTA,Bus stop name changed,Toa Payoh Swim Cplx
NAME CHANGED,52531,Opp Blk 210 Mkt/FC,Lor 8 Toa Payoh,1.3397645,103.854501,21/07/2025,LTA,Bus stop name changed,OPP BLK 210 MKT/FC
NAME CHANGED,52561,Blk 269A,Kim Keat Ave,1.33319,103.859677,21/07/2025,LTA,Bus stop name changed,BLK 269A
NAME CHANGED,52571,Blk 268A,Toa Payoh East,1.3328873,103.858081,21/07/2025,LTA,Bus stop name changed,BLK 268A
NAME CHANGED,52581,Bef Caldecott Stn Exit 4,Toa Payoh Lk,1.3371305,103.839776,21/07/2025,LTA,Bus stop name changed,BEF CALDECOTT STN EXIT 4
NAME CHANGED,53011,St. Theresa's Hme,Upp Thomson Rd,1.34555351143315,103.8382633553218,21/07/2025,LTA,Bus stop name changed,ST. THERESA'S HME
NAME CHANGED,53019,Opp St. Theresa's Hme,Upp Thomson Rd,1.34600349626668,103.83871779531223,21/07/2025,LTA,Bus stop name changed,OPP ST. THERESA'S HME
NAME CHANGED,53021,Lakeview Est,Upp Thomson Rd,1.34967996840542,103.83652457261992,21/07/2025,LTA,Bus stop name changed,Lakeview Estate
NAME CHANGED,53201,Opp NEA Reg Off,Sin Ming Dr,1.36128501070806,103.83850250682744,21/07/2025,LTA,Bus stop name changed,Opp Nea Reg Off
NAME CHANGED,53209,Aft NEA Reg Off,Sin Ming Dr,1.36099828733018,103.83852670989133,21/07/2025,LTA,Bus stop name changed,Aft Nea Reg Off
NAME CHANGED,53221,Blk 115,Bishan St 11,1.34816840593896,103.8484543562104,21/07/2025,LTA,Bus stop name changed,BLK 115
NAME CHANGED,53231,Bishan Stn,Bishan Rd,1.35089997844732,103.84797987894204,21/07/2025,LTA,Bus stop name changed,BISHAN STN
NAME CHANGED,53239,Opp Bishan Stn,Bishan Rd,1.351,103.847641,21/07/2025,LTA,Bus stop name changed,OPP BISHAN STN
NAME CHANGED,53241,Opp Blk 217,Bishan Rd,1.35615639153054,103.84995659632312,21/07/2025,LTA,Bus stop name changed,OPP BLK 217
NAME CHANGED,53249,Blk 210,Bishan Rd,1.35538305217047,103.84911895270494,21/07/2025,LTA,Bus stop name changed,BLK 210
NAME CHANGED,53251,Blk 125,Bishan St 11,1.34678829540395,103.85199823380812,21/07/2025,LTA,Bus stop name changed,BLK 125
NAME CHANGED,53421,Blk 151A Mkt,Bishan St 11,1.345658889,103.8553811,21/07/2025,LTA,Bus stop name changed,BLK 151A MKT
NAME CHANGED,53439,Blk 228,Bishan St 23,1.357625,103.847213,21/07/2025,LTA,Bus stop name changed,BLK 228
NAME CHANGED,54079,Opp Blk 315,Ang Mo Kio Ave 1,1.36389805596869,103.84585916699372,21/07/2025,LTA,Bus stop name changed,OPP BLK 315
NAME CHANGED,54081,Teck Ghee Ct,Ang Mo Kio Ave 1,1.36358972199933,103.84786694396756,21/07/2025,LTA,Bus stop name changed,TECK GHEE CT
NAME CHANGED,54089,Opp Ang Mo Kio Swim Cplx,Ang Mo Kio Ave 1,1.36297001065247,103.8484911674186,21/07/2025,LTA,Bus stop name changed,OPP ANG MO KIO SWIM CPLX
NAME CHANGED,54091,Blk 331,Ang Mo Kio Ave 1,1.36167975047647,103.85092799797832,21/07/2025,LTA,Bus stop name changed,BLK 331
NAME CHANGED,54099,Opp Blk 333,Ang Mo Kio Ave 1,1.36118777797342,103.85104805596896,21/07/2025,LTA,Bus stop name changed,OPP BLK 333
NAME CHANGED,54201,Opp Blk 155,Ang Mo Kio Ave 4,1.375969,103.839271,21/07/2025,LTA,Bus stop name changed,OPP BLK 155
NAME CHANGED,54209,Bet Blks 152/155,Ang Mo Kio Ave 4,1.37638119735545,103.83952322759048,21/07/2025,LTA,Bus stop name changed,BET BLKS 152/155
NAME CHANGED,54409,Jing Shan Pr Sch,Ang Mo Kio St 52,1.37270833297137,103.85213888899418,21/07/2025,LTA,Bus stop name changed,Opp Blk 522
NAME CHANGED,54481,ITE Coll Ctrl,Ang Mo Kio Ave 5,1.37599497932237,103.855765341723,21/07/2025,LTA,Bus stop name changed,Ite Coll Ctrl
NAME CHANGED,54489,Opp ITE Coll Ctrl,Ang Mo Kio Ave 5,1.375675,103.855423,21/07/2025,LTA,Bus stop name changed,Opp Ite Coll Ctrl
NAME CHANGED,54531,Opp Bishan Pk,Bishan Rd,1.35839974282084,103.85132688003488,21/07/2025,LTA,Bus stop name changed,OPP BISHAN PK
NAME CHANGED,54539,Bishan Pk,Bishan Rd,1.35857111103202,103.85104805599867,21/07/2025,LTA,Bus stop name changed,BISHAN PK
NAME CHANGED,54611,Blk 220,Ang Mo Kio Ave 1,1.36489470522366,103.84057417396242,21/07/2025,LTA,Bus stop name changed,BLK 220
NAME CHANGED,54619,Opp Blk 220,Ang Mo Kio Ave 1,1.36467168386173,103.84050288513411,21/07/2025,LTA,Bus stop name changed,OPP BLK 220
NAME CHANGED,54621,Blk 223,Ang Mo Kio Ave 1,1.36595331171712,103.837730713056,21/07/2025,LTA,Bus stop name changed,BLK 223
NAME CHANGED,54629,Opp Blk 223,Ang Mo Kio Ave 1,1.3655880696456,103.83801666007231,21/07/2025,LTA,Bus stop name changed,OPP BLK 223
NAME CHANGED,55021,Opp Seasons Pk,Yio Chu Kang Rd,1.3857011784032,103.83872706499656,21/07/2025,LTA,Bus stop name changed,OPP SEASONS PK
NAME CHANGED,55029,Seasons Pk,Yio Chu Kang Rd,1.38565193733046,103.83917105055716,21/07/2025,LTA,Bus stop name changed,SEASONS PK
NAME CHANGED,55071,Bef ECON Medicare Ctr,Yio Chu Kang Rd,1.39246274085167,103.85261828242731,21/07/2025,LTA,Bus stop name changed,Bef Econ Medicare Ctr
NAME CHANGED,55079,Aft ECON Medicare Ctr,Yio Chu Kang Rd,1.391952,103.853366,21/07/2025,LTA,Bus stop name changed,Aft Econ Medicare Ctr
NAME CHANGED,55131,Blk 612,Ang Mo Kio Ave 4,1.37986282047018,103.8396597025406,21/07/2025,LTA,Bus stop name changed,BLK 612
NAME CHANGED,55139,Blk 641,Ang Mo Kio Ave 4,1.37894011617745,103.84007487448596,21/07/2025,LTA,Bus stop name changed,BLK 641
NAME CHANGED,55141,Opp Blk 622,Ang Mo Kio Ave 4,1.38151305598601,103.83902055596756,21/07/2025,LTA,Bus stop name changed,OPP BLK 622
NAME CHANGED,55149,Blk 622,Ang Mo Kio Ave 4,1.38147638900431,103.8392680559805,21/07/2025,LTA,Bus stop name changed,BLK 622
NAME CHANGED,55151,Ang Mo Kio Community Hosp,Ang Mo Kio Ave 9,1.3833944010563,103.8403312479222,21/07/2025,LTA,Bus stop name changed,Ang Mo Kio Comm Hosp
NAME CHANGED,55159,Opp Ang Mo Kio Cmty Hosp,Ang Mo Kio Ave 9,1.383362,103.84065,21/07/2025,LTA,Bus stop name changed,Opp Ang Mo Kio Comm Hosp
NAME CHANGED,55169,Opp Yio Chu Kang CC,Ang Mo Kio St 61,1.38123639226093,103.84100233602072,21/07/2025,LTA,Bus stop name changed,Opp Yio Chu Kang Cc
NAME CHANGED,56011,Bef Adana @ Thomson,Upp Thomson Rd,1.36865,103.828321,21/07/2025,LTA,Bus stop name changed,Bef adana at thomson
NAME CHANGED,56029,Bef Sembawang Hills FC,Upp Thomson Rd,1.37359500001635,103.82870000002058,21/07/2025,LTA,Bus stop name changed,Bef Sembawang Hills Fc
NAME CHANGED,56269,Bef Ang Mo Kio Ave 2,Ang Mo Kio Ave 1,1.36741835425889,103.83233403239235,21/07/2025,LTA,Bus stop name changed,BEF Ang mo kio avenue 2
NAME CHANGED,57039,Spiritual Grace Presby Ch,Sembawang Rd,1.40611750000192,103.8199872220186,21/07/2025,LTA,Bus stop name changed,SPIRITUAL GRACE PRESBY CH
NAME CHANGED,58199,Opp Auckland Rd West,Admiralty Rd East,1.4590501574168,103.82788431875926,21/07/2025,LTA,Bus stop name changed,OPP AUCKLAND ROAD WEST
NAME CHANGED,58201,Aft Queen's Ave,Admiralty Rd East,1.45531234912714,103.8309899667324,21/07/2025,LTA,Bus stop name changed,Aft Queen'S Ave
NAME CHANGED,58251,Sun Plaza/ Sembawang Stn,Sembawang Dr,1.44803148822713,103.81895207486828,21/07/2025,LTA,Bus stop name changed,Sun Plaza/Sembawang Stn
NAME CHANGED,58261,Visionaire,Canberra Link,1.44710213838584,103.82726305553976,21/07/2025,LTA,Bus stop name changed,VISIONAIRE
NAME CHANGED,58269,Opp Visionaire,Canberra Link,1.44702361616489,103.82761997468876,21/07/2025,LTA,Bus stop name changed,OPP VISIONAIRE
NAME CHANGED,58361,Nth Lk Bldg,Admiralty St,1.46118688481447,103.81270708997144,21/07/2025,LTA,Bus stop name changed,Nth Link Bldg
NAME CHANGED,58369,Bef Acacia Hme,Admiralty St,1.46077451756536,103.81206144667212,21/07/2025,LTA,Bus stop name changed,BEF ACACIA HME
NAME CHANGED,58519,Opp Blk 104B,Canberra st,1.44973306,103.831062,21/07/2025,LTA,Bus stop name changed,OPP BLK 104B
NAME CHANGED,58521,Blk 106A,Canberra st,1.44819389,103.8326,21/07/2025,LTA,Bus stop name changed,BLK 106A
NAME CHANGED,58529,Blk 108 CP,Canberra st,1.44801889,103.832461,21/07/2025,LTA,Bus stop name changed,BLK 108 CP
NAME CHANGED,58531,Blk 129A,Canberra Way,1.44543806,103.8323,21/07/2025,LTA,Bus stop name changed,BLK 129A
NAME CHANGED,58539,Blk 120A,Canberra Way,1.44576806,103.832311,21/07/2025,LTA,Bus stop name changed,BLK 120A
NAME CHANGED,58571,Bef Sembawang Ave,Sembawang Ave,1.441805,103.8168685,21/07/2025,LTA,Bus stop name changed,Gambas Ave
NAME CHANGED,58579,Aft Sembawang Ave,Sembawang Ave,1.4415255,103.817029,21/07/2025,LTA,Bus stop name changed,Gambas Ave
NAME CHANGED,58621,Blk 126 CP,Canberra st,1.445953,103.834031,21/07/2025,LTA,Bus stop name changed,Blk 126 Cp
NAME CHANGED,58991,Blk 767,Yishun Ave 2,1.424583611,103.8350086,21/07/2025,LTA,Bus stop name changed,BLK 767
NAME CHANGED,59601,Blk 391,Yishun Ave 6,1.429842,103.849376,21/07/2025,LTA,Bus stop name changed,BLK 391
NAME CHANGED,59671,Bef Yishun Stn,Yishun Ave 2,1.427779,103.835106,21/07/2025,LTA,Bus stop name changed,Before Yishun Station
NAME CHANGED,59829,Opp Blk 334B,Yishun Ave 6,1.432833,103.846904,21/07/2025,LTA,Bus stop name changed,Opposite Blk 334B
NAME CHANGED,60011,Bendemeer Stn Exit A,Kallang Bahru,1.31471795031338,103.8637679549332,21/07/2025,LTA,Bus stop name changed,BENDEMEER STN EXIT A
NAME CHANGED,60019,Bendemeer Stn Exit B,Kallang Bahru,1.31479811892165,103.86413644350252,21/07/2025,LTA,Bus stop name changed,BENDEMEER STN EXIT B
NAME CHANGED,60031,Bef Geylang Bahru Stn,Kallang Bahru,1.3204097072077,103.87007832529532,21/07/2025,LTA,Bus stop name changed,BEF GEYLANG BAHRU STN
NAME CHANGED,60081,St. Andrew's Village,Jln Toa Payoh,1.32931226062177,103.8662910461625,21/07/2025,LTA,Bus stop name changed,St. Andrew'S Village
NAME CHANGED,60089,Opp St. Andrew's Village,Jln Toa Payoh,1.32865054961465,103.86615967295366,21/07/2025,LTA,Bus stop name changed,Opp St. Andrew'S Village
NAME CHANGED,60221,Blk 73/Geylang Bahru Stn,Geylang Bahru,1.32212380559601,103.87081431318352,21/07/2025,LTA,Bus stop name changed,BLK 73/GEYLANG BAHRU STN
NAME CHANGED,62071,Bartley Stn Exit A,Bartley Rd,1.34252980960729,103.88002892732668,21/07/2025,LTA,Bus stop name changed,BARTLEY STN EXIT A
NAME CHANGED,62079,Aft Bartley Stn Exit B,Bartley Rd,1.34296635529936,103.87976646424752,21/07/2025,LTA,Bus stop name changed,AFT BARTLEY STN EXIT B
NAME CHANGED,62101,Bef Upp S'goon Rd,Bartley Rd,1.34324887065522,103.87308054810316,21/07/2025,LTA,Bus stop name changed,Bef Upp Serangoon Rd
NAME CHANGED,62109,Aft Upp S'goon Rd,Bartley Rd,1.34374111656683,103.87380734555012,21/07/2025,LTA,Bus stop name changed,Aft Upp Serangoon Rd
NAME CHANGED,62131,S'goon Stn Exit H,Upp S'goon Rd,1.3489790064228,103.87277432797596,21/07/2025,LTA,Bus stop name changed,S'Goon Stn Exit H
NAME CHANGED,62139,S'goon Stn Exit A/Blk 413,Upp S'goon Rd,1.3490461240579,103.8734116593578,21/07/2025,LTA,Bus stop name changed,S'Goon Stn Exit A/Blk 413
NAME CHANGED,62161,St. Gabriel's Sec Sch,S'goon Ave 1,1.34750333302055,103.87601972203169,21/07/2025,LTA,Bus stop name changed,St.Gabriel's Sec Sch
NAME CHANGED,62189,S'goon Stn Exit D/Blk 416,Upp S'goon Rd,1.35056391832311,103.87470953705504,21/07/2025,LTA,Bus stop name changed,S'Goon Stn Exit D/Blk 416
NAME CHANGED,62231,Bef S'pore Girls' Hme,Hougang Ave 3,1.34771728070981,103.89029313192805,21/07/2025,LTA,Bus stop name changed,BEF S'PORE GIRLS' HME
NAME CHANGED,62239,Opp S'pore Girls' Hme,Hougang Ave 3,1.34763066655635,103.88998897946436,21/07/2025,LTA,Bus stop name changed,OPP S'PORE GIRLS' HME
NAME CHANGED,63011,Opp Upp S'goon Shop Ctr,Upp S'goon Rd,1.35432115760902,103.87823575937183,21/07/2025,LTA,Bus stop name changed,Opp Upp S'Goon Shop Ctr
NAME CHANGED,63019,Aft Upp S'goon Shop Ctr,Upp S'goon Rd,1.35347964311763,103.87800141702434,21/07/2025,LTA,Bus stop name changed,Aft Upp S'Goon Shop Ctr
NAME CHANGED,63131,The Tembusu,Tampines Rd,1.36120884403234,103.89033109494883,21/07/2025,LTA,Bus stop name changed,THE TEMBUSU
NAME CHANGED,63149,S'goon Stadium,Boundary Rd,1.35489972198729,103.87452555599006,21/07/2025,LTA,Bus stop name changed,Serangoon Stadium
NAME CHANGED,63151,Aft Upp S'goon Rd,Yio Chu Kang Rd,1.35412291412202,103.87758355854012,21/07/2025,LTA,Bus stop name changed,Aft Upp S'Goon Rd
NAME CHANGED,63161,S'goon Swim Cplx,Yio Chu Kang Rd,1.35717307747832,103.87530650239556,21/07/2025,LTA,Bus stop name changed,Serangoon Swim Cplx
NAME CHANGED,63169,Opp S'goon Swim Cplx,Yio Chu Kang Rd,1.35703664863271,103.87567788589342,21/07/2025,LTA,Bus stop name changed,Opp Serangoon Swim Cplx
NAME CHANGED,63189,Aft S'goon Gdn Way,Yio Chu Kang Rd,1.36133997852966,103.87363460960414,21/07/2025,LTA,Bus stop name changed,Aft Serangoon Gdn Way
NAME CHANGED,63191,Aft S'goon Nth Ave 1,Yio Chu Kang Rd,1.36426277802723,103.87403972199432,21/07/2025,LTA,Bus stop name changed,Aft Serangoon Nth Ave 1
NAME CHANGED,63221,Kovan Hub,Hougang St 21,1.35799327947024,103.8855063915276,21/07/2025,LTA,Bus stop name changed,KOVAN HUB
NAME CHANGED,63239,Opp Blk 211,Hougang St 21,1.35891911967242,103.8878789953328,21/07/2025,LTA,Bus stop name changed,OPP BLK 211
NAME CHANGED,63301,Paya Lebar Meth Girls' Sch,Lor Ah Soo,1.35149473186732,103.88531199399269,21/07/2025,LTA,Bus stop name changed,Paya Lebar Meth Girls' Sc
NAME CHANGED,63361,Opp S'goon Sports Cplx,Yio Chu Kang Link,1.35744648841295,103.87383985365209,21/07/2025,LTA,Bus stop name changed,Opp S'Goon Sports Cplx
NAME CHANGED,63369,S'goon Sports Cplx,Yio Chu Kang Link,1.356702,103.874108,21/07/2025,LTA,Bus stop name changed,Serangoon Sports Cplx
NAME CHANGED,64061,Opp S'goon Sec Sch,Upp S'goon Rd,1.37557886299976,103.90111900001394,21/07/2025,LTA,Bus stop name changed,Opp Serangoon Sec Sch
NAME CHANGED,64069,S'goon Sec Sch,Upp S'goon Rd,1.37526504951859,103.90134716214978,21/07/2025,LTA,Bus stop name changed,Serangoon Sec Sch
NAME CHANGED,64089,Opp Hougang 1,Hougang St 91,1.376101,103.8802,21/07/2025,LTA,Bus stop name changed,OPP HOUGANG 1
NAME CHANGED,64099,Hougang Sec Sch,Hougang St 93,1.377877,103.8815677,21/07/2025,LTA,Bus stop name changed,HOUGANG SEC SCH
NAME CHANGED,64397,Blk 513,Hougang Ave 10,1.371948,103.890003,21/07/2025,LTA,Bus stop name changed,Block 513
NAME CHANGED,65009,Punggol Int,Punggol Pl,1.40370629859822,103.90224337575332,21/07/2025,LTA,Bus stop name changed,Punggol Temp Int
NAME CHANGED,65099,Blk 604A,Punggol Rd,1.40446781720997,103.90711426733176,21/07/2025,LTA,Bus stop name changed,BLK 604A
NAME CHANGED,65181,Aft Punggol Ctrl,Punggol East,1.39681388886675,103.91754694442,21/07/2025,LTA,Bus stop name changed,Atf Punggol Ctrl
NAME CHANGED,65559,Opp Blk 227A,Punggol Field,1.404046,103.8925,21/07/2025,LTA,Bus stop name changed,Opposite Blk 227A
NAME CHANGED,65571,Blk 218,Punggol Field,1.403478611,103.895535,21/07/2025,LTA,Bus stop name changed,BLK 218
NAME CHANGED,65579,Blk 258A,Punggol Field,1.403556111,103.8960314,21/07/2025,LTA,Bus stop name changed,BLK 258A
NAME CHANGED,65671,Punggol Cove Pr Sch,Sumang Link,1.411223,103.898788,21/07/2025,LTA,Bus stop name changed,Punggol cove pr sch
NAME CHANGED,65679,Opp Punggol Cove Pr Sch,Sumang Link,1.410983,103.898983,21/07/2025,LTA,Bus stop name changed,Opp punggol cove pr sch
NAME CHANGED,65691,Opp Blk 437B,New Punggol Road,1.420151,103.911959,21/07/2025,LTA,Bus stop name changed,Opposite Blk 437B
NAME CHANGED,65701,Opp SIT Punggol,New Punggol Road,1.411694,103.911075,21/07/2025,LTA,Bus stop name changed,Opposite SIT Punggol
NAME CHANGED,65709,Bef SIT Punggol,New Punggol Road,1.411316,103.910496,21/07/2025,LTA,Bus stop name changed,Before SIT Punggol
NAME CHANGED,65721,Opp Punggol Coast Stn,New Punggol Road,1.414944,103.911686,21/07/2025,LTA,Bus stop name changed,Opposite Punggol Coast Station
NAME CHANGED,65729,Punggol Coast Stn,New Punggol Road,1.414675,103.911277,21/07/2025,LTA,Bus stop name changed,Punggol Coast Station
NAME CHANGED,66009,Serangoon Int,S'goon Ave 2,1.35046610176969,103.87168992264615,21/07/2025,LTA,Bus stop name changed,S'Goon Int
NAME CHANGED,66261,S'goon Gdns Country Club,Kensington Pk Rd,1.36555110748973,103.86640982940798,21/07/2025,LTA,Bus stop name changed,S'Goon Gdns Country Club
NAME CHANGED,66271,S'goon Gdn Circus,S'goon Gdn Way,1.36398333300081,103.86578916701892,21/07/2025,LTA,Bus stop name changed,Serangoon Gdn Circus
NAME CHANGED,66359,S'goon Stn Exit C/Blk 201,S'goon Ctrl,1.35080698547823,103.87328604946424,21/07/2025,LTA,Bus stop name changed,S'Goon Stn Exit C/Blk 201
NAME CHANGED,66381,Opp S'goon Stn Exit F,S'goon Ave 2,1.35020472222222,103.8712252777778,21/07/2025,LTA,Bus stop name changed,Opp S'Goon Stn Exit F
NAME CHANGED,66389,S'goon Stn Exit F,S'goon Ave 2,1.35092163758707,103.8710690514159,21/07/2025,LTA,Bus stop name changed,S'Goon Stn Exit F
NAME CHANGED,66561,Blk 991B,Buangkok Link,1.383486,103.882607,21/07/2025,LTA,Bus stop name changed,Outside Blk 991B
NAME CHANGED,66569,Opp Blk 991B,Buangkok Link,1.383159,103.882572,21/07/2025,LTA,Bus stop name changed,OPP BLK 991B
NAME CHANGED,66579,Blk 998B,Buangkok Cres,1.38402973472559,103.88070409002007,21/07/2025,LTA,Bus stop name changed,BLK 998B
NAME CHANGED,67079,Ch of St. Vincent de Paul,Yio Chu Kang Rd,1.38256500000442,103.87673500001088,21/07/2025,LTA,Bus stop name changed,Ch Of St. Vincent De Paul
NAME CHANGED,67111,CHIJ St. Joseph's Convent,Sengkang East Way,1.39105369405739,103.90237246307768,21/07/2025,LTA,Bus stop name changed,Chij St. Joseph'S Convent
NAME CHANGED,67691,Blk 338A,Anchorvale Cres,1.39899,103.8887775,21/07/2025,LTA,Bus stop name changed,BLK 338A
NAME CHANGED,67699,Blk 334A,Anchorvale Cres,1.3988295,103.889524,21/07/2025,LTA,Bus stop name changed,BLK 334A
NAME CHANGED,67701,Aft Blk 467B,Fernvale St,1.3984935,103.877445,21/07/2025,LTA,Bus stop name changed,AFT BLK 467B
NAME CHANGED,67761,Opp Blk 326D,Anchorvale Rd,1.396006,103.887595,21/07/2025,LTA,Bus stop name changed,OPP BLK 326D
NAME CHANGED,67769,Blk 326D,Anchorvale Rd,1.39607378603056,103.8876637860708,21/07/2025,LTA,Bus stop name changed,BLK 326D
NAME CHANGED,68081,Bef Seletar A'space Rise,Seletar Aerospace Dr,1.40559323576727,103.86681241814271,21/07/2025,LTA,Bus stop name changed,Bef Seletar A'Space Rise
NAME CHANGED,68089,Aft Seletar A'space Rise,Seletar Aerospace Dr,1.40570196065228,103.86666745163518,21/07/2025,LTA,Bus stop name changed,Aft Seletar A'Space Rise
NAME CHANGED,68161,Aft Seletar A'space Lane,West Camp Rd,1.41076903489058,103.86179481507452,21/07/2025,LTA,Bus stop name changed,Aft Seletar A'Space Lane
NAME CHANGED,68169,Bef Seletar A'space Lane,West Camp Rd,1.4107138403801,103.86188409763392,21/07/2025,LTA,Bus stop name changed,Bef Seletar A'Space Lane
NAME CHANGED,68181,Bef JTC Aerospace,Seletar Aerospace Link,1.40407,103.858281,21/07/2025,LTA,Bus stop name changed,Bef Jtc Aerospace
NAME CHANGED,68189,Aft JTC Aerospace,Seletar Aerospace Link,1.403739,103.858254,21/07/2025,LTA,Bus stop name changed,Bef Seletar A'Space Cres
NAME CHANGED,68191,Bef Seletar A'space Lk,Seletar Aerospace Crescent,1.402289,103.85963,21/07/2025,LTA,Bus stop name changed,Bef Seletar A'Space Lk
NAME CHANGED,68199,Aft Seletar A'space Lk,Seletar Aerospace Crescent,1.402553,103.859906,21/07/2025,LTA,Bus stop name changed,Aft Seletar A'Space Lk
NAME CHANGED,70161,Opp Mattar Stn Exit A,Merpati Rd,1.32758635490072,103.88324806418214,21/07/2025,LTA,Bus stop name changed,OPP MATTAR STN EXIT A
NAME CHANGED,70191,Opp Blk 66,Circuit Rd,1.327333,103.887875,21/07/2025,LTA,Bus stop name changed,OPP BLK 66
NAME CHANGED,70201,Opp MacPherson Stn Exit D,Circuit Rd,1.32461138902969,103.88885416699938,21/07/2025,LTA,Bus stop name changed,OPP MACPHERSON STN EXIT D
NAME CHANGED,70231,Opp Mattar Stn Exit B,Mattar Rd,1.325842,103.884002,21/07/2025,LTA,Bus stop name changed,OPP MATTAR STN EXIT B
NAME CHANGED,70251,MacPherson Stn Exit C,Paya Lebar Rd,1.32497158481981,103.89037074589528,21/07/2025,LTA,Bus stop name changed,Macpherson Stn Exit C
NAME CHANGED,70259,MacPherson Stn Exit B,Paya Lebar Rd,1.32498730068675,103.89080428753108,21/07/2025,LTA,Bus stop name changed,Macpherson Stn Exit B
NAME CHANGED,70371,MacPherson Stn Exit A,Circuit Link,1.32623288866609,103.88932330108936,21/07/2025,LTA,Bus stop name changed,Macpherson Stn Exit A
NAME CHANGED,70379,Opp MacPherson Stn Exit A,Circuit Link,1.32604294133609,103.88933975894,21/07/2025,LTA,Bus stop name changed,Opp Macpherson Stn Exit A
NAME CHANGED,70401,Bef Ubi Rd 4,Ubi Rd 3,1.33088230075978,103.89811560002391,21/07/2025,LTA,Bus stop name changed,BEF UBI RD 4
NAME CHANGED,70409,Blk 3032A,Ubi Rd 3,1.33094654621155,103.89789906902672,21/07/2025,LTA,Bus stop name changed,BLK 3032A
NAME CHANGED,71121,Ubi Stn Exit B,Ubi Ave 2,1.330081111,103.8994169,21/07/2025,LTA,Bus stop name changed,UBI STN EXIT B
NAME CHANGED,71129,Ubi Stn Exit A,Ubi Ave 2,1.329761944,103.8991489,21/07/2025,LTA,Bus stop name changed,UBI STN EXIT A
NAME CHANGED,71171,Opp SCDF HQ,Airport Rd,1.33497828854869,103.89238738026172,21/07/2025,LTA,Bus stop name changed,Opp Scdf Hq
NAME CHANGED,71179,Aft SCDF HQ,Airport Rd,1.3346773011372,103.89238294056769,21/07/2025,LTA,Bus stop name changed,Aft Scdf Hq
NAME CHANGED,71291,The Leo,Kaki Bt Rd 3,1.33709007875103,103.90374749997088,21/07/2025,LTA,Bus stop name changed,THE LEO
NAME CHANGED,71299,Empire Technocentre,Kaki Bt Rd 3,1.33675693078428,103.9040176205713,21/07/2025,LTA,Bus stop name changed,EMPIRE TECHNOCENTRE
NAME CHANGED,71331,Kaki Bt Autohub,Kaki Bt Ave 2,1.33683480070641,103.90096749998747,21/07/2025,LTA,Bus stop name changed,KAKI BT AUTOHUB
NAME CHANGED,71339,Opp Kaki Bt Autohub,Kaki Bt Ave 2,1.33681468016557,103.90112122053516,21/07/2025,LTA,Bus stop name changed,OPP KAKI BT AUTOHUB
NAME CHANGED,72031,Bef Kaki Bt Stn Exit B,Kaki Bt Ave 1,1.33521859078695,103.9099203114682,21/07/2025,LTA,Bus stop name changed,BEF KAKI BT STN EXIT B
NAME CHANGED,72039,Kaki Bt Stn Exit A,Kaki Bt Ave 1,1.33546648279458,103.90985114690736,21/07/2025,LTA,Bus stop name changed,KAKI BT STN EXIT A
NAME CHANGED,72131,Opp Tech View,Kaki Bt Ave 3,1.33791126455323,103.90994099232344,21/07/2025,LTA,Bus stop name changed,OPP TECH VIEW
NAME CHANGED,72139,Tech View,Kaki Bt Ave 3,1.337282,103.909145,21/07/2025,LTA,Bus stop name changed,TECH VIEW
NAME CHANGED,72141,Bartley Biz Ctr,Kaki Bt Ave 3,1.33860729777301,103.91150189998882,21/07/2025,LTA,Bus stop name changed,BARTLEY BIZ CTR
NAME CHANGED,72149,Shun Li Ind Pk,Kaki Bt Ave 3,1.33834674682355,103.91170534393189,21/07/2025,LTA,Bus stop name changed,SHUN LI IND PK
NAME CHANGED,72151,Autobay @ Kaki Bt,Kaki Bt Ave 6,1.34084789558521,103.91301810001244,21/07/2025,LTA,Bus stop name changed,AUTOBAY @ KAKI BT
NAME CHANGED,72159,Opp Autobay @ Kaki Bt,Kaki Bt Ave 6,1.340359,103.912709,21/07/2025,LTA,Bus stop name changed,OPP AUTOBAY @ KAKI BT
NAME CHANGED,72161,Aft Bartley Viaduct,Kaki Bt Rd 5,1.34114935376337,103.916355499978,21/07/2025,LTA,Bus stop name changed,AFT BARTLEY VIADUCT
NAME CHANGED,72169,Bef Bartley Viaduct,Kaki Bt Rd 5,1.34105,103.916208,21/07/2025,LTA,Bus stop name changed,BEF BARTLEY VIADUCT
NAME CHANGED,75021,Blk 879B,Tampines Street 86,1.35168445182114,103.92851745350568,21/07/2025,LTA,Bus stop name changed,BLK 879B
NAME CHANGED,75051,Tampines West Stn Exit B,Tampines Ave 1,1.34503394154132,103.9400815317342,21/07/2025,LTA,Bus stop name changed,TAMPINES WEST STN EXIT B
NAME CHANGED,75059,Bef Tampines West Stn,Tampines Ave 1,1.34471168546511,103.9402168928283,21/07/2025,LTA,Bus stop name changed,BEF TAMPINES WEST STN
NAME CHANGED,75381,T5@Tampines,Tampines Ind Ave 5,1.373188889,103.9266,21/07/2025,LTA,Bus stop name changed,T5@TAMPINES
NAME CHANGED,75391,Opp Siltronic,Tampines Ind Ave 5,1.37507,103.9213,21/07/2025,LTA,Bus stop name changed,OPP SILTRONIC
NAME CHANGED,75401,Aft Tampines Ave 1,Tampines Ave 10,1.3517582770335,103.92671414169044,21/07/2025,LTA,Bus stop name changed,AFT TAMPINES AVE 1
NAME CHANGED,75409,The Santorini,Tampines Ave 10,1.35220181029011,103.92724068972524,21/07/2025,LTA,Bus stop name changed,THE SANTORINI
NAME CHANGED,75411,Bef Tampines Fire Stn,Tampines Ave 10,1.35607656836954,103.92905500001906,21/07/2025,LTA,Bus stop name changed,BEF TAMPINES FIRE STN
NAME CHANGED,75541,Opp Blk 648A,Tampines St 62,1.368309,103.941523,21/07/2025,LTA,Bus stop name changed,OPP BLK 648A
NAME CHANGED,75549,Blk 648A,Tampines St 62,1.368246,103.941407,21/07/2025,LTA,Bus stop name changed,BLK 648A
NAME CHANGED,75551,Blk 641A,Tampines St 62,1.366268,103.943413,21/07/2025,LTA,Bus stop name changed,BLK 641A
NAME CHANGED,75559,Blk 646B,Tampines St 62,1.36642,103.943193,21/07/2025,LTA,Bus stop name changed,BLK 646B
NAME CHANGED,75561,Blk 648C,Tampines Nth Dr 2,1.366506,103.941333,21/07/2025,LTA,Bus stop name changed,BLK 648C
NAME CHANGED,75569,Blk 636C,Tampines Nth Dr 2,1.365866,103.941721,21/07/2025,LTA,Bus stop name changed,BLK 636C
NAME CHANGED,75571,Blk 637B,Tampines Nth Dr 2,1.36378,103.943296,21/07/2025,LTA,Bus stop name changed,BLK 637B
NAME CHANGED,75579,Blk 630B,Tampines Nth Dr 2,1.363603,103.94323,21/07/2025,LTA,Bus stop name changed,BLK 630B
NAME CHANGED,75581,Blk 637 CP,Tampines Ave 12,1.363484,103.944546,21/07/2025,LTA,Bus stop name changed,BLK 637 CP
NAME CHANGED,75589,Opp Blk 638A,Tampines Ave 12,1.364117,103.945427,21/07/2025,LTA,Bus stop name changed,OPP BLK 638A
NAME CHANGED,75591,Bef Blk 631B,Tampines Ave 12,1.362079,103.942426,21/07/2025,LTA,Bus stop name changed,BEF BLK 631B
NAME CHANGED,75599,Opp Blk 631B,Tampines Ave 12,1.362446,103.943349,21/07/2025,LTA,Bus stop name changed,OPP BLK 631B
NAME CHANGED,76031,Tampines East Stn Exit B,Tampines Ave 2,1.35507956918888,103.95529781026744,21/07/2025,LTA,Bus stop name changed,TAMPINES EAST STN EXIT B
NAME CHANGED,76039,Tampines East Stn Exit C,Tampines Ave 2,1.35506418976437,103.9555498102644,21/07/2025,LTA,Bus stop name changed,TAMPINES EAST STN EXIT C
NAME CHANGED,76041,Blk 842C,Tampines St 82,1.35122178461773,103.9365069000221,21/07/2025,LTA,Bus stop name changed,BLK 842C
NAME CHANGED,76049,Opp Blk 842C,Tampines St 82,1.35118252345739,103.93633200959248,21/07/2025,LTA,Bus stop name changed,OPP BLK 842C
NAME CHANGED,76191,Blk 401,Tampines Ave 7,1.3569438864901,103.94477445426702,21/07/2025,LTA,Bus stop name changed,BLK 401
NAME CHANGED,76199,Blk 503,Tampines Ave 7,1.35660016333768,103.94535428432116,21/07/2025,LTA,Bus stop name changed,BLK 503
NAME CHANGED,76221,Tampines East Stn Exit A,Tampines Ave 7,1.3563896244901,103.95390226733991,21/07/2025,LTA,Bus stop name changed,TAMPINES EAST STN EXIT A
NAME CHANGED,76229,Opp Tampines East Stn,Tampines Ave 7,1.35614001051089,103.95353851635838,21/07/2025,LTA,Bus stop name changed,OPP TAMPINES EAST STN
NAME CHANGED,76339,Opp Tampines Changkat CC,Tampines St 11,1.34547166699324,103.94698416699394,21/07/2025,LTA,Bus stop name changed,Opp Tampines Changkat Cc
NAME CHANGED,76431,Blk 333,Tampines St 33,1.353726389,103.9612131,21/07/2025,LTA,Bus stop name changed,BLK 333
NAME CHANGED,76441,Opp Blk 345,Tampines St 33,1.35219503409437,103.96105194447786,21/07/2025,LTA,Bus stop name changed,OPP BLK 345
NAME CHANGED,76451,Blk 324,Tampines St 33,1.35220340979899,103.95928609997816,21/07/2025,LTA,Bus stop name changed,BLK 324
NAME CHANGED,76471,Blk 444,Tampines St 42,1.35855302099722,103.95134500001934,21/07/2025,LTA,Bus stop name changed,BLK 444
NAME CHANGED,76519,Bet Blks 524B/523D,Tampines Concourse,1.35920624506603,103.93921870101352,21/07/2025,LTA,Bus stop name changed,BET BLKS 524B/523D
NAME CHANGED,76521,Opp Blk 519A,Tampines Concourse,1.357468889,103.940775,21/07/2025,LTA,Bus stop name changed,OPP BLK 519A
NAME CHANGED,76529,Blk 519A,Tampines Concourse,1.35741,103.940604,21/07/2025,LTA,Bus stop name changed,BLK 519A
NAME CHANGED,76541,Citylife @ Tampines,Tampines Ave 9,1.360247,103.940633,21/07/2025,LTA,Bus stop name changed,Citylife@ Tampines
NAME CHANGED,76549,Opp Citylife @ Tampines,Tampines Ave 9,1.360559,103.940515,21/07/2025,LTA,Bus stop name changed,Opp Citylife@ Tampines
NAME CHANGED,76551,Tampines Stn Exit D,Tampines Ctrl 1,1.355401,103.943599,21/07/2025,LTA,Bus stop name changed,TAMPINES STN EXIT D
NAME CHANGED,76559,Aft Tampines Stn Exit E,Tampines Ctrl 1,1.355625,103.943569,21/07/2025,LTA,Bus stop name changed,AFT TAMPINES STN EXIT E
NAME CHANGED,77091,Aft Pasir Ris Ave,Elias Rd,1.38042637835149,103.94547139015036,21/07/2025,LTA,Bus stop name changed,AFT PASIR RIS AVE
NAME CHANGED,77231,Tampines Meridian JC,Pasir Ris Dr 1,1.37670503142246,103.9384402608544,21/07/2025,LTA,Bus stop name changed,Tampines Meridian Jc
NAME CHANGED,77409,Opp UMC,Pasir Ris Ind Dr 1,1.381426,103.932338,21/07/2025,LTA,Bus stop name changed,Opposite UMC
NAME CHANGED,78031,Blk 191,Pasir Ris St 12,1.366365,103.958641,21/07/2025,LTA,Bus stop name changed,BLK 191
NAME CHANGED,78039,Blk 104,Pasir Ris St 12,1.367181,103.959,21/07/2025,LTA,Bus stop name changed,BLK 104
NAME CHANGED,78199,Opp White Sands Pr Sch,Pasir Ris St 11,1.36477,103.96189,21/07/2025,LTA,Bus stop name changed,Opp White Sands Pri Sch
NAME CHANGED,80011,Aft Padang Jeringau,Kallang Rd,1.30972720802554,103.86737828692956,21/07/2025,LTA,Bus stop name changed,AFT PADANG JERINGAU
NAME CHANGED,81101,Paya Lebar Green,Paya Lebar Rd,1.32111522416649,103.89152220076971,21/07/2025,LTA,Bus stop name changed,CISCO Ctr
NAME CHANGED,81109,Opp Paya Lebar Green,Paya Lebar Rd,1.3209137166719,103.89117183414866,21/07/2025,LTA,Bus stop name changed,Opp CISCO Ctr
NAME CHANGED,81161,Blk 56,Guillemard Rd,1.31054638768125,103.88318148792813,21/07/2025,LTA,Bus stop name changed,blk 56
NAME CHANGED,81191,Aft Old Airport Rd,Dunman Rd,1.30913166702397,103.89180000002516,21/07/2025,LTA,Bus stop name changed,AFT OLD AIRPORT RD
NAME CHANGED,81199,Bef Old Airport Rd,Dunman Rd,1.30862937328019,103.8906311270188,21/07/2025,LTA,Bus stop name changed,BEF OLD AIRPORT RD
NAME CHANGED,81231,Opp KH Plaza,Aljunied Rd,1.31389305598354,103.88189611100506,21/07/2025,LTA,Bus stop name changed,Opp Kh Plaza
NAME CHANGED,82061,Eunos Stn/Int,Sims Ave,1.31876162629115,103.9022689641617,21/07/2025,LTA,Bus stop name changed,Eunos Stn/ Int
NAME CHANGED,82091,Aft Queen of Peace Ch,Tg Katong Rd,1.31264667096781,103.89411050584133,21/07/2025,LTA,Bus stop name changed,Aft Queen Of Peace Ch
NAME CHANGED,84141,Opp Lion Hme for Elders,Bedok Sth Rd,1.32021707852141,103.9381694887894,21/07/2025,LTA,Bus stop name changed,OPP LION HME FOR ELDERS
NAME CHANGED,84149,Lion Hme For Elders,Bedok Sth Rd,1.32047933475714,103.93839375752798,21/07/2025,LTA,Bus stop name changed,LION HME FOR ELDERS
NAME CHANGED,84161,Blk 3,Bedok Sth Ave 1,1.321651111,103.9324025,21/07/2025,LTA,Bus stop name changed,BLK 3
NAME CHANGED,84169,Opp Blk 3,Bedok Sth Ave 1,1.322133056,103.9321144,21/07/2025,LTA,Bus stop name changed,OPP BLK 3
NAME CHANGED,84201,Bedok Resvr Stn Exit A,Bedok Nth Ave 3,1.33660054449421,103.93309401156245,21/07/2025,LTA,Bus stop name changed,BEDOK RESVR STN EXIT A
NAME CHANGED,84211,Blk 403,Bedok Nth Ave 3,1.33012,103.93447,21/07/2025,LTA,Bus stop name changed,BLK 403
NAME CHANGED,84261,St. Anthony's Cano Sch,Bedok Nth Ave 4,1.334189,103.941658,21/07/2025,LTA,Bus stop name changed,Saint Anthony's Canossian School
NAME CHANGED,84451,Bedok Nth Stn Exit A,Bedok Nth Rd,1.335644,103.918055,21/07/2025,LTA,Bus stop name changed,BEDOK NTH STN EXIT A
NAME CHANGED,84539,Bedok Nth Stn Exit B,Bedok Nth Rd,1.3350342184363,103.91851751540032,21/07/2025,LTA,Bus stop name changed,BEDOK NTH STN EXIT B
NAME CHANGED,84551,Blk 51,Chai Chee St,1.32853887137542,103.9225201285922,21/07/2025,LTA,Bus stop name changed,BLK 51
NAME CHANGED,84561,Blk 53,Chai Chee St,1.32804725721627,103.91973825722668,21/07/2025,LTA,Bus stop name changed,BLK 53
NAME CHANGED,84571,Opp Blk 55,Chai Chee Dr,1.32653228537615,103.9187401751097,21/07/2025,LTA,Bus stop name changed,OPP BLK 55
NAME CHANGED,84591,SBST Bedok Nth Depot,Bedok Nth Ave 4,1.33774805557922,103.9469947222316,21/07/2025,LTA,Bus stop name changed,Sbst Bedok Nth Depot
NAME CHANGED,84599,Opp SBST Bedok Nth Depot,Bedok Nth Ave 4,1.33772607555094,103.94646797815965,21/07/2025,LTA,Bus stop name changed,Opp Sbst Bedok Nth Depot
NAME CHANGED,92081,St. Patrick's Sch,Marine Parade Rd,1.30751338586806,103.91754269765208,21/07/2025,LTA,Bus stop name changed,St. Patrick's Sec Sch
NAME CHANGED,92159,St. Patrick's Sch,East Coast Rd,1.309748,103.9166295,21/07/2025,LTA,Bus stop name changed,ST. PATRICK'S SCH
NAME CHANGED,92181,i12 Katong,Joo Chiat Rd,1.30528972611328,103.9053499793448,21/07/2025,LTA,Bus stop name changed,112 Katong
NAME CHANGED,92189,Opp i12 Katong,Joo Chiat Rd,1.3047647219741,103.90592361097,21/07/2025,LTA,Bus stop name changed,Opp 112 Katong
NAME CHANGED,94029,Aft Sennett Rd,Upp East Coast Rd,1.31453305602342,103.93750499997168,21/07/2025,LTA,Bus stop name changed,Aft Sennet Rd
NAME CHANGED,94089,Calvary Ably of God Ch,Upp East Coast Rd,1.31536333302999,103.94294138900048,21/07/2025,LTA,Bus stop name changed,Calvary Ably Of God Ch
NAME CHANGED,95039,AirFreight Ter Bldg,Airport Cargo Rd,1.37218943783154,103.9945787903322,21/07/2025,LTA,Bus stop name changed,Airfreight Ter Bldg
NAME CHANGED,95901,Bef Simei Rd,Upp Changi Rd East,1.33857587129254,103.96020709087524,21/07/2025,LTA,Bus stop name changed,BEF SIMEI RD
NAME CHANGED,95909,Aft Somapah Rd,Upp Changi Rd East,1.33849391556302,103.96049907137146,21/07/2025,LTA,Bus stop name changed,AFT SOMAPAH RD
NAME CHANGED,96241,Laguna Natl Country Club,Xilin Ave,1.32746975992942,103.96702744644506,21/07/2025,LTA,Bus stop name changed,LAGUNA NATL COUNTRY CLUB
NAME CHANGED,96301,Expo Stn Exit B,Changi Sth Ave 1,1.33450022538919,103.9617438259165,21/07/2025,LTA,Bus stop name changed,EXPO STN EXIT B
NAME CHANGED,96309,Expo Stn Exit E,Changi Sth Ave 1,1.33427655612286,103.96175810276952,21/07/2025,LTA,Bus stop name changed,EXPO STN EXIT E
NAME CHANGED,96311,Bef Changi Sth St 2,Changi Sth Ave 1,1.3329118846906,103.9607070021467,21/07/2025,LTA,Bus stop name changed,BEF CHANGI STH ST 2
NAME CHANGED,96371,Standard Chartered Bank,Changi Business Pk Ctrl 2,1.33433369984263,103.9664670131305,21/07/2025,LTA,Bus stop name changed,STANDARD CHARTERED BANK
NAME CHANGED,96421,Opp Changi Lodge 2,Tanah Merah Coast Rd,1.313621111,103.99655,21/07/2025,LTA,Bus stop name changed,OPP CHANGI LODGE 2
NAME CHANGED,96429,Changi Lodge 2,Tanah Merah Coast Rd,1.313721111,103.9953811,21/07/2025,LTA,Bus stop name changed,CHANGI LODGE 2
NAME CHANGED,96431,Opp Changi Naval Base,Tanah Merah Coast Rd,1.318286944,104.0152631,21/07/2025,LTA,Bus stop name changed,OPP CHANGI NAVAL BASE
NAME CHANGED,96439,Changi Naval Base,Tanah Merah Coast Rd,1.317708,104.015614,21/07/2025,LTA,Bus stop name changed,CHANGI NAVAL BASE
NAME CHANGED,96441,Opp SUTD,Somapah Rd,1.33954269927544,103.96290652054516,21/07/2025,LTA,Bus stop name changed,OPP SUTD
NAME CHANGED,96461,Bef Aviation Pk Rd,Tanah Merah Coast Rd,1.352485,104.030008,21/07/2025,LTA,Bus stop name changed,Before Aviation Park Road
NAME CHANGED,96471,Bef Changi Coast Rd,Aviation Pk Rd,1.367866,104.009977,21/07/2025,LTA,Bus stop name changed,Bef Changi Coast Road
NAME CHANGED,96479,Aft Changi Coast Rd,Aviation Pk Rd,1.367858,104.010442,21/07/2025,LTA,Bus stop name changed,After Changi Coast Road
NAME CHANGED,97159,Bef VICOM,Changi Nth Cres,1.35028972565622,103.96769101118204,21/07/2025,LTA,Bus stop name changed,Bef Vicom
NAME CHANGED,98111,Blk 256/Opp Loyang Pt,Pasir Ris Dr 2,1.36733773244319,103.96424470880471,21/07/2025,LTA,Bus stop name changed,BLK 256/OPP LOYANG PT
NAME CHANGED,98291,Opp Palm Isles,Flora Dr,1.356979,103.9651894,21/07/2025,LTA,Bus stop name changed,OPP PALM ISLES
NAME CHANGED,98299,Parc Olympia,Flora Dr,1.355878,103.9655714,21/07/2025,LTA,Bus stop name changed,PARC OLYMPIA
NAME CHANGED,99011,Bef Sch of Commando,Loyang Ave,1.38328110134472,103.97812168830428,21/07/2025,LTA,Bus stop name changed,Bef Sch Of Commando
NAME CHANGED,99019,Aft Sch of Commando,Loyang Ave,1.3837089764569,103.9784486076832,21/07/2025,LTA,Bus stop name changed,Aft Sch Of Commando
REMOVED,31021,Jln Bahar Power Stn,Jln Bahar,1.36247047014576,103.69287888535482,21/07/2025,LTA,Removed bus stop code,
REMOVED,31029,Opp Jln Bahar Power Stn,Jln Bahar,1.36307987152083,103.69296604646463,21/07/2025,LTA,Removed bus stop code,
REMOVED,31061,Opp Lim Chu Kang Camp II,Lim Chu Kang Rd,1.37594722202959,103.695570278013,21/07/2025,LTA,Removed bus stop code,
REMOVED,31069,Bef Old Choa Chu Kang Rd,Lim Chu Kang Rd,1.37493138896603,103.6955061110284,21/07/2025,LTA,Removed bus stop code,
REMOVED,31071,Aft Chinese Cemy Path 11,Lim Chu Kang Rd,1.37853314214565,103.69626045229732,21/07/2025,LTA,Removed bus stop code,
REMOVED,31079,Opp Chinese Cemy Path 11,Lim Chu Kang Rd,1.37768611102662,103.69632194402648,21/07/2025,LTA,Removed bus stop code,
REMOVED,31081,Opp HQ 5th SIB Camp I,Old Lim Chu Kang Rd,1.38056264189347,103.69732526991169,21/07/2025,LTA,Removed bus stop code,
REMOVED,31089,HQ 5th SIB Camp I,Old Lim Chu Kang Rd,1.37992729418245,103.69711516294916,21/07/2025,LTA,Removed bus stop code,
REMOVED,31201,Aft Chinese Cemy Path 13,Lim Chu Kang Rd,1.38044981963514,103.6965940968132,21/07/2025,LTA,Removed bus stop code,
REMOVED,31211,Aft Muslim Cemy Path 17,Lim Chu Kang Rd,1.38283900023768,103.6969997018249,21/07/2025,LTA,Removed bus stop code,
REMOVED,32031,Opp Ama Keng Rd,Lim Chu Kang Rd,1.40270299424992,103.70078174769526,21/07/2025,LTA,Removed bus stop code,
REMOVED,32039,Aft Ama Keng Rd,Lim Chu Kang Rd,1.40251788786303,103.70081478116067,21/07/2025,LTA,Removed bus stop code,
REMOVED,32041,Opp LP 160,Lim Chu Kang Rd,1.40436104392726,103.701661572037,21/07/2025,LTA,Removed bus stop code,
REMOVED,32049,Aft LP 161,Lim Chu Kang Rd,1.40452254375654,103.70187031633596,21/07/2025,LTA,Removed bus stop code,
REMOVED,32051,Aft Track 11,Lim Chu Kang Rd,1.40929365504034,103.70097942080086,21/07/2025,LTA,Removed bus stop code,
REMOVED,32059,Opp Track 11,Lim Chu Kang Rd,1.40903140804682,103.70120779053056,21/07/2025,LTA,Removed bus stop code,
REMOVED,32061,Opp LP 173,Lim Chu Kang Rd,1.41146307596912,103.70006004261607,21/07/2025,LTA,Removed bus stop code,
REMOVED,32069,B26 Lim Chu Kang Rd,Lim Chu Kang Rd,1.41103257931936,103.7003812106999,21/07/2025,LTA,Removed bus stop code,
REMOVED,32079,Opp Track 13,Lim Chu Kang Rd,1.41512827700833,103.70026822968336,21/07/2025,LTA,Removed bus stop code,
REMOVED,32101,Aft Murai Farmway,Lim Chu Kang Rd,1.38541382998394,103.69744470002844,21/07/2025,LTA,Removed bus stop code,
REMOVED,32109,Bef Lor Serambi,Lim Chu Kang Rd,1.3857176700282,103.69770270003046,21/07/2025,LTA,Removed bus stop code,
REMOVED,32111,Aft LP 93,Lim Chu Kang Rd,1.39837200000575,103.69964580001104,21/07/2025,LTA,Removed bus stop code,
REMOVED,32119,Aft LP 96,Lim Chu Kang Rd,1.39858000001944,103.699882699978,21/07/2025,LTA,Removed bus stop code,
REMOVED,34101,Aft Old Lim Chu Kang Rd,Lor Rusuk,1.38440683002823,103.69790380001842,21/07/2025,LTA,Removed bus stop code,
REMOVED,34109,Aft Lim Chu Kang Rd,Lor Rusuk,1.38430083002772,103.69811219997104,21/07/2025,LTA,Removed bus stop code,
REMOVED,59008,Yishun Int,Yishun Ave 2,1.4285384902718,103.8361105319593,21/07/2025,LTA,Removed bus stop code,
